day_pull,day_run,month_pull,Year,tide_time,Location,sample_number,vol_fill_mL,vol_ex_mL,fo,fa,Chlorophyll,Picoeukaryotes,Nanoeukaryotes,Cyanobacteria,count,particles_per_mL,flowcam,flocytometer,nutrients,dna_mL,notes
6,7,6,2023,13:02,CML,1,5,100,26.32,17.21,0.523212808,6.47E+03,5.54E+02,7.39E+02,8.94E+02,2.38E+02,Y,Y,Y,,
6,7,6,2023,13:02,CML,2,5,100,23.69,14.51,0.527233104,1.35E+04,4.64E+02,7.89E+03,9.06E+02,2.41E+02,Y,Y,Y,,
6,7,6,2023,13:02,CML,3,5,100,17,10.67,0.363549624,5.15E+03,0.00E+00,6.56E+03,9.37E+02,2.50E+02,Y,Y,Y,,
6,7,6,2023,15:31,JEL,1,5,100,67.23,42.84,1.400785992,1.94E+04,1.87E+03,8.74E+03,1.04E+04,2.76E+03,Y,Y,Y,,
6,7,6,2023,15:31,JEL,2,5,100,72.37,47.69,1.417441504,1.46E+04,2.51E+03,7.17E+03,9.51E+03,2.53E+03,Y,Y,Y,,
6,7,6,2023,15:31,JEL,3,5,100,78.48,50.89,1.584570952,1.51E+04,2.99E+03,4.71E+03,9.56E+03,2.55E+03,Y,Y,Y,,
14,15,6,2023,9:07,CML,1,5,100,137.2,88.73,2.783767816,9.81E+03,1.24E+03,2.17E+03,,,Y,Y,Y,,
14,15,6,2023,9:07,CML,2,5,100,131.4,88.48,2.465015776,9.33E+03,1.08E+03,2.14E+03,,,Y,Y,Y,,
14,15,6,2023,9:07,CML,3,5,100,139.1,92.89,2.653969688,1.01E+04,1.14E+03,2.49E+03,,,Y,Y,Y,,
14,15,6,2023,10:48,JEL,1,5,100,471.5,309.7,9.29262704,1.62E+04,3.54E+03,9.28E+02,,,Y,Y,Y,,
14,15,6,2023,10:48,JEL,2,5,100,455.4,308.3,8.44836488,1.45E+04,1.61E+03,7.63E+02,,,Y,Y,Y,,
14,15,6,2023,10:48,JEL,3,5,100,447.6,300.2,8.46559472,1.55E+04,2.10E+03,6.72E+02,,,Y,Y,Y,,
20,21,6,2023,13:48,CML,1,5,100,114.4,79.51,2.003830392,1.52E+04,0.00E+00,4.69E+03,,,Y,Y,Y,,
20,21,6,2023,13:48,CML,2,5,100,123.8,79.02,2.571840784,1.68E+04,7.80E+02,4.29E+03,,,Y,Y,Y,,
20,21,6,2023,13:48,CML,3,5,100,116.7,79.07,2.161196264,1.22E+04,1.14E+03,2.66E+03,,,Y,Y,Y,,
20,21,6,2023,15:36,JEL,1,5,100,278.8,183.1,5.49631896,1.17E+04,1.72E+03,1.21E+03,,,Y,Y,Y,,
20,21,6,2023,15:36,JEL,2,5,100,277.4,177.6,5.73179344,1.15E+04,2.18E+03,8.89E+02,,,Y,Y,Y,,
20,21,6,2023,15:36,JEL,3,5,100,233.4,164.7,3.94563336,1.18E+04,2.76E+03,7.31E+02,,,Y,Y,Y,,
29,30,6,2023,8:14,CML,1,5,100,76.28,54.93,1.22619028,6.30E+03,1.12E+03,1.32E+03,8.64E+02,2.30E+02,Y,Y,Y,,
29,30,6,2023,8:14,CML,2,5,100,79.23,57.55,1.245143104,4.60E+03,1.05E+03,8.43E+02,9.67E+02,2.58E+02,Y,Y,Y,,
29,30,6,2023,8:14,CML,3,5,100,80.27,57.96,1.281325768,6.03E+03,1.67E+03,6.14E+02,9.78E+02,2.61E+02,Y,Y,Y,,
29,30,6,2023,9:57,JEL,1,5,100,290.2,213.5,4.40509576,1.84E+04,4.08E+03,8.74E+02,,,Y,Y,Y,,
29,30,6,2023,9:57,JEL,2,5,100,302.4,221.4,4.6520568,1.43E+04,3.23E+03,4.92E+02,,,Y,Y,Y,,
29,30,6,2023,9:57,JEL,3,5,100,300.3,218.9,4.67502992,1.57E+04,3.15E+03,1.35E+03,,,Y,Y,Y,,
6,6,7,2023,14:27,CML,1,5,100,134.9,75.63,3.404042056,1.29E+04,1.42E+03,1.31E+03,,,Y,Y,Y,,
6,6,7,2023,14:27,CML,2,5,100,123.3,74.52,2.801571984,1.36E+04,2.01E+03,1.69E+03,,,Y,Y,Y,,
6,6,7,2023,14:27,CML,3,5,100,126.7,75.12,2.962383824,1.44E+04,1.70E+03,2.16E+03,,,Y,Y,Y,,
5,5,7,2023,15:16,JEL,1,5,100,313,206.7,6.10510664,2.14E+04,4.70E+03,9.84E+02,,,Y,Y,Y,,
5,5,7,2023,15:16,JEL,2,5,100,370.1,227.8,8.17268744,2.17E+04,4.46E+03,5.72E+02,,,Y,Y,Y,,
5,5,7,2023,15:16,JEL,3,5,100,337,224.6,6.45544672,2.11E+04,4.07E+03,1.28E+03,,,Y,Y,Y,,
13,14,7,2023,8:49,CML,1,5,100,73.66,53.35,1.166460168,8.51E+03,7.21E+02,1.01E+03,,,Y,Y,Y,,
13,14,7,2023,8:49,CML,2,5,100,62.11,45.36,0.9619994,9.87E+03,3.90E+02,9.74E+02,,,Y,Y,Y,,
13,14,7,2023,8:49,CML,3,5,100,63.39,46.67,0.960276416,9.86E+03,9.15E+02,8.32E+02,,,Y,Y,Y,,
13,14,7,2023,10:30,JEL,1,5,100,312.4,226.4,4.9392208,3.60E+04,2.06E+03,0.00E+00,,,Y,Y,Y,,
13,14,7,2023,10:30,JEL,2,5,100,313.1,223.7,5.13449232,4.05E+04,3.63E+03,3.02E+02,,,Y,Y,Y,,
13,14,7,2023,10:30,JEL,3,5,100,312.7,234.4,4.49698824,4.60E+04,2.93E+03,9.78E+02,,,Y,Y,Y,,
20,21,7,2023,13:58,CML,1,5,100,67,42.72,1.394468384,8.86E+03,5.04E+02,5.37E+02,,,Y,Y,Y,,
20,21,7,2023,13:58,CML,2,5,100,76.01,44.08,1.833829304,9.73E+03,5.76E+02,5.40E+02,,,Y,Y,Y,,
20,21,7,2023,13:58,CML,3,5,100,62.66,43.32,1.110750352,8.67E+03,5.85E+02,9.15E+02,,,Y,Y,Y,,
20,21,7,2023,15:49,JEL,1,5,100,376.2,211.7,9.4476956,1.94E+04,1.49E+03,0.00E+00,,,Y,Y,Y,,
20,21,7,2023,15:49,JEL,2,5,100,347.7,212.4,7.77065784,2.00E+04,3.29E+02,0.00E+00,,,Y,Y,Y,,
20,21,7,2023,15:49,JEL,3,5,100,398,232.4,9.51087168,1.76E+04,3.03E+02,0.00E+00,,,Y,Y,Y,,
26,27,7,2023,18:04,CML,1,5,100,89.24,87.29,0.11199396,9.38E+03,2.90E+02,2.32E+02,,,Y,Y,Y,,
26,27,7,2023,18:04,CML,2,5,100,101.6,87.8,0.79257264,1.03E+04,4.34E+02,3.72E+02,,,Y,Y,Y,,
26,27,7,2023,18:04,CML,3,5,100,125.5,111.3,0.81554576,9.75E+03,3.56E+02,3.26E+02,,,Y,Y,Y,,
26,27,7,2023,19:45,JEL,1,5,100,545.9,421.7,7.13315376,1.33E+04,1.77E+02,3.90E+02,,,Y,Y,Y,,
26,27,7,2023,19:45,JEL,2,5,100,552.6,380.3,9.89567144,1.21E+04,4.02E+02,4.75E+02,,,Y,Y,Y,,
26,27,7,2023,19:45,JEL,3,5,100,634.9,355.4,16.0524676,1.27E+04,4.29E+02,3.58E+02,,,Y,Y,Y,,
3,4,8,2023,13:13,CML,1,5,100,108.4,76.39,1.838423928,4.33E+04,1.04E+03,5.21E+02,,,Y,Y,Y,,
3,4,8,2023,13:13,CML,2,5,100,103.1,72.74,1.743659808,4.69E+04,1.40E+03,2.79E+02,,,Y,Y,Y,,
3,4,8,2023,13:13,CML,3,5,100,108.2,76.57,1.816599464,5.19E+04,1.50E+03,3.00E+02,,,Y,Y,Y,,
3,4,8,2023,14:56,JEL,1,5,100,214.2,154.5,3.42873816,1.35E+04,1.05E+03,2.16E+03,,,Y,Y,Y,,
3,4,8,2023,14:56,JEL,2,5,100,230,164.4,3.76759168,1.37E+04,1.40E+03,2.44E+03,,,Y,Y,Y,,
3,4,8,2023,14:56,JEL,3,5,100,242.5,176.1,3.81353792,1.16E+04,1.28E+03,2.46E+03,,,Y,Y,Y,,
11,12,8,2023,8:40,CML,1,5,100,53.45,38.86,0.837944552,6.04E+04,1.20E+03,8.57E+01,,,Y,Y,Y,,
11,12,8,2023,8:40,CML,2,5,100,51.38,37,0.825883664,6.62E+04,8.14E+02,9.04E+01,,,Y,Y,Y,,
11,12,8,2023,8:40,CML,3,5,100,52.27,37.18,0.866660952,5.93E+04,1.18E+03,1.68E+02,,,Y,Y,Y,,
11,12,8,2023,10:10,JEL,1,5,100,292.1,195,5.57672488,5.25E+03,3.79E+02,5.90E+02,,,Y,Y,Y,,
11,12,8,2023,10:10,JEL,2,5,100,281.5,192.4,5.11726248,4.15E+03,5.09E+02,4.27E+02,,,Y,Y,Y,,
11,12,8,2023,10:10,JEL,3,5,100,297.3,203,5.41591304,5.18E+03,2.67E+02,4.67E+02,,,Y,Y,Y,,
16,17,8,2023,12:18,CML,1,5,100,97.1,68.77,1.627071224,1.75E+04,3.79E+02,3.36E+02,,,Y,Y,Y,,
16,17,8,2023,12:18,CML,2,5,100,118.1,82.6,2.0388644,1.63E+04,8.76E+02,1.99E+02,,,Y,Y,Y,,
16,17,8,2023,12:18,CML,3,5,100,117.6,80.35,2.1393718,1.82E+04,4.75E+02,6.04E+02,,,Y,Y,Y,,
16,17,8,2023,14:08,JEL,1,5,100,385.9,266.1,6.88044944,9.12E+03,7.32E+02,1.18E+03,,,Y,Y,Y,,
16,17,8,2023,14:08,JEL,2,5,100,419.3,286.6,7.62133256,1.07E+04,5.54E+02,1.48E+03,,,Y,Y,Y,,
16,17,8,2023,14:08,JEL,3,5,100,377.1,258.8,6.79430024,9.64E+03,6.75E+02,1.57E+03,,,Y,Y,Y,,
22,23,8,2023,15:49,CML,1,5,100,58.87,42.71,0.928114048,1.15E+04,0.00E+00,0.00E+00,,,Y,Y,Y,,
22,23,8,2023,15:49,CML,2,5,100,64.37,38.61,1.479468928,1.00E+04,0.00E+00,0.00E+00,,,Y,Y,Y,,
22,23,8,2023,15:49,CML,3,5,100,56.89,40.52,0.940174936,1.41E+04,7.06E+02,0.00E+00,,,Y,Y,Y,,
22,23,8,2023,17:32,JEL,1,5,100,318.9,198.7,6.90342256,8.56E+03,5.56E+02,2.78E+02,,,Y,Y,Y,,
22,23,8,2023,17:32,JEL,2,5,100,273.8,190.2,4.80138208,7.73E+03,3.76E+02,3.42E+02,,,Y,Y,Y,,
22,23,8,2023,17:32,JEL,3,5,100,262.3,178,4.84158504,9.56E+03,5.07E+02,5.74E+02,,,Y,Y,Y,,
30,31,8,2023,11:08,CML,1,5,100,77.9,54.77,1.328420664,6.57E+03,2.99E+02,6.97E+02,,,Y,Y,Y,,
30,31,8,2023,11:08,CML,2,5,100,75.47,54.02,1.23193356,5.72E+03,0.00E+00,3.82E+02,,,Y,Y,Y,,
30,31,8,2023,11:08,CML,3,5,100,74.4,53.45,1.20321716,4.42E+03,4.25E+02,5.10E+02,,,Y,Y,Y,,
30,31,8,2023,12:50,JEL,1,5,100,226.9,167.4,3.4172516,5.03E+02,0.00E+00,0.00E+00,,,Y,Y,Y,,
30,31,8,2023,12:50,JEL,2,5,100,239.8,173,3.83651104,7.33E+03,4.08E+02,9.85E+02,,,Y,Y,Y,,
30,31,8,2023,12:50,JEL,3,5,100,237,172.8,3.68718576,8.13E+03,3.31E+02,1.14E+03,,,Y,Y,Y,,
6,7,9,2023,17:12,CML,1,5,100,81.34,57.37,1.376664216,5.02E+03,9.65E+01,4.83E+02,,,Y,Y,Y,,
6,7,9,2023,17:12,CML,2,5,100,78.24,54.18,1.381833168,6.54E+03,0.00E+00,1.31E+03,,,Y,Y,Y,,
6,7,9,2023,17:12,CML,3,5,100,82.29,57.61,1.417441504,3.87E+03,0.00E+00,9.38E+02,,,Y,Y,Y,,
6,7,9,2023,18:52,JEL,1,5,100,303,209,5.3986832,2.99E+03,1.38E+02,8.58E+02,,,Y,Y,Y,,
6,7,9,2023,18:52,JEL,2,5,100,308.2,210.2,5.6284144,2.68E+03,3.55E+02,8.47E+02,,,Y,Y,Y,,
6,7,9,2023,18:52,JEL,3,5,100,307.5,205.2,5.87537544,2.36E+03,2.92E+02,8.22E+02,,,Y,Y,Y,,
14,15,9,2023,11:43,CML,1,5,100,104.4,71.63,1.882072856,6.11E+03,5.01E+02,3.00E+02,,,Y,Y,Y,,
14,15,9,2023,11:43,CML,2,5,100,96.02,66.58,1.690821632,5.45E+03,4.98E+02,3.17E+02,,,Y,Y,Y,,
14,15,9,2023,11:43,CML,3,5,100,95.49,65.57,1.718389376,8.28E+03,6.33E+02,2.79E+02,,,Y,Y,Y,,
14,15,9,2023,13:34,JEL,1,5,100,459.4,314.9,8.2990396,1.56E+04,5.69E+02,9.48E+02,,,Y,Y,Y,,
14,15,9,2023,13:34,JEL,2,5,100,387.1,262.7,7.14464032,1.61E+04,4.25E+02,1.06E+03,,,Y,Y,Y,,
14,15,9,2023,13:34,JEL,3,5,100,448.5,304,8.2990396,1.66E+04,6.33E+02,1.02E+03,,,Y,Y,Y,,
20,21,9,2023,15:13,CML,1,5,100,70.25,50.11,1.156696592,1.19E+04,3.38E+02,1.01E+03,,,Y,Y,Y,,
20,21,9,2023,15:13,CML,2,5,100,67.07,48.24,1.081459624,9.49E+03,1.10E+02,1.43E+03,,,Y,Y,Y,,
20,21,9,2023,15:13,CML,3,5,100,71.01,51.45,1.123385568,9.75E+03,3.85E+02,1.03E+03,,,Y,Y,Y,,
20,21,9,2023,16:54,JEL,1,5,100,307.1,214,5.34699368,4.17E+03,6.95E+02,2.98E+02,,,Y,Y,Y,,
20,21,9,2023,16:54,JEL,2,5,100,315.4,221.9,5.3699668,5.54E+03,3.26E+02,4.34E+02,,,Y,Y,Y,,
20,21,9,2023,16:54,JEL,3,5,100,298.3,215.4,4.76117912,4.63E+03,5.39E+02,4.31E+02,,,Y,Y,Y,,
27,28,9,2023,9:55,CML,1,5,100,70.43,51.14,1.107878712,6.86E+03,5.15E+02,1.89E+03,,,Y,Y,Y,,
27,28,9,2023,9:55,CML,2,5,100,63.68,46.07,1.011391608,5.98E+03,9.97E+02,2.33E+03,,,Y,Y,Y,,
27,28,9,2023,9:55,CML,3,5,100,63.34,46.02,0.994736096,5.97E+03,6.63E+02,2.92E+03,,,Y,Y,Y,,
27,28,9,2023,11:37,JEL,1,5,100,141.4,105.9,2.0388644,6.06E+03,1.30E+03,1.23E+03,,,Y,Y,Y,,
27,28,9,2023,11:37,JEL,2,5,100,135.4,103,1.86082272,5.87E+03,7.05E+02,1.17E+03,,,Y,Y,Y,,
27,28,9,2023,11:37,JEL,3,5,100,147.9,112.8,2.01589128,5.33E+03,1.33E+03,1.18E+03,,,Y,Y,Y,,
2,2,10,2023,14:03,HHHR2,1,5,100,308.1,220.9,5.00814016,NA,NA,NA,,,Y,N,N,,
2,2,10,2023,14:03,HHHR2,2,5,100,314.8,221.1,5.38145336,NA,NA,NA,,,Y,N,N,,
2,2,10,2023,14:03,HHHR2,3,5,100,316.4,223.9,5.312534,NA,NA,NA,,,Y,N,N,,
4,5,10,2023,15:41,CML,1,5,100,104.8,72.82,1.836700944,1.21E+04,1.36E+03,5.03E+03,,,Y,Y,Y,,
4,5,10,2023,15:41,CML,2,5,100,78.78,54.98,1.36690064,1.29E+04,1.15E+03,5.92E+03,,,Y,Y,Y,,
4,5,10,2023,15:41,CML,3,5,100,90.27,63.31,1.548388288,1.40E+04,2.02E+03,5.56E+03,,,Y,Y,Y,,
4,5,10,2023,17:21,JEL,1,5,100,112.1,81.43,1.761463976,8.42E+03,1.28E+03,9.99E+02,,,Y,Y,Y,,
4,5,10,2023,17:21,JEL,2,5,100,104.3,76.31,1.607544072,9.82E+03,7.55E+02,1.64E+03,,,Y,Y,Y,,
4,5,10,2023,17:21,JEL,3,5,100,112.5,82.52,1.721835344,8.05E+03,1.22E+03,1.92E+03,,,Y,Y,Y,,
9,11,10,2023,8:31,HHHR2,1,5,100,130.3,97.69,1.872883608,NA,NA,NA,,,Y,N,N,,
9,11,10,2023,8:31,HHHR2,2,5,100,130.6,96.26,1.972242352,NA,NA,NA,,,Y,N,N,,
9,11,10,2023,8:31,HHHR2,3,5,100,135.5,98.48,2.126162256,NA,NA,NA,,,Y,N,N,,
12,17,10,2023,10:29,CML,1,5,100,57.9,41.53,0.940174936,5.54E+03,9.07E+02,1.91E+03,,,Y,Y,Y,,
12,17,10,2023,10:29,CML,2,5,100,60.97,41.18,1.136595112,6.18E+03,1.03E+03,2.92E+03,,,Y,Y,Y,,
12,17,10,2023,10:29,CML,3,5,100,52.9,37.65,0.8758502,6.15E+03,1.04E+03,2.84E+03,,,Y,Y,Y,,
12,17,10,2023,12:21,JEL,1,5,100,159.2,108,2.94055936,1.11E+04,1.63E+03,1.84E+03,,,Y,Y,Y,,
12,17,10,2023,12:21,JEL,2,5,100,157.1,113.6,2.4983268,9.14E+03,1.95E+03,1.17E+03,,,Y,Y,Y,,
12,17,10,2023,12:21,JEL,3,5,100,147.1,105.4,2.39494776,9.79E+03,1.97E+03,2.11E+03,,,Y,Y,Y,,
17,18,10,2023,13:24,HHHR2,1,5,100,430.7,297.6,7.64430568,NA,NA,NA,,,Y,N,N,,
17,18,10,2023,13:24,HHHR2,2,5,100,433.4,295.2,7.93721296,NA,NA,NA,,,Y,N,N,,
17,18,10,2023,13:24,HHHR2,3,5,100,413.9,282,7.57538632,NA,NA,NA,,,Y,N,N,,
18,19,10,2023,13:53,CML,1,5,100,179.2,124.2,3.158804,6.74E+03,9.63E+02,1.44E+03,,,Y,Y,Y,,
18,19,10,2023,13:53,CML,2,5,100,186.2,126.9,3.40576504,1.01E+04,3.75E+02,3.37E+03,,,Y,Y,Y,,
18,19,10,2023,13:53,CML,3,5,100,183.9,128.2,3.19900696,8.73E+03,1.31E+03,1.31E+03,,,Y,Y,Y,,
18,19,10,2023,15:44,JEL,1,5,100,289.8,195.53,5.414190056,4.24E+03,3.77E+02,5.34E+02,,,Y,Y,Y,,
18,19,10,2023,15:44,JEL,2,5,100,315.4,211.2,5.98449776,3.51E+03,3.78E+02,7.03E+02,,,Y,Y,Y,,
18,19,10,2023,15:44,JEL,3,5,100,315.3,214.7,5.77773968,4.05E+03,6.64E+02,7.34E+02,,,Y,Y,Y,,
23,25,10,2023,6:39,HHHR2,1,5,100,124.2,89.79,1.976262648,NA,NA,NA,,,Y,N,N,,
23,25,10,2023,6:39,HHHR2,2,5,100,124.8,89.47,2.029100824,NA,NA,NA,,,Y,N,N,,
23,25,10,2023,6:39,HHHR2,3,5,100,121.6,88.05,1.92687044,NA,NA,NA,,,Y,N,N,,
27,29,10,2023,10:23,CML,1,5,100,56.16,40.54,0.897100336,6.33E+03,0.00E+00,2.71E+03,,,Y,Y,Y,,
27,29,10,2023,10:23,CML,2,5,100,58.92,42.18,0.961425072,5.23E+03,0.00E+00,0.00E+00,,,Y,Y,Y,,
27,29,10,2023,10:23,CML,3,5,100,60.69,44.33,0.939600608,5.40E+03,0.00E+00,1.20E+03,,,Y,Y,Y,,
27,29,10,2023,12:08,JEL,1,5,100,133.7,101.2,1.866566,4.70E+03,4.89E+02,1.47E+03,,,Y,Y,Y,,
27,29,10,2023,12:08,JEL,2,5,100,126.4,95.48,1.775822176,4.66E+03,3.17E+02,1.76E+03,,,Y,Y,Y,,
27,29,10,2023,12:08,JEL,3,5,100,125.6,94.24,1.801092608,3.71E+03,2.51E+02,1.15E+03,,,Y,Y,Y,,
2,4,11,2023,15:10,CML,1,5,100,110.4,77.75,1.87518092,1.38E+04,3.75E+02,6.56E+03,,,Y,Y,Y,,
2,4,11,2023,15:10,CML,2,5,100,104.1,72.63,1.807410216,1.05E+04,6.69E+02,3.65E+03,,,Y,Y,Y,,
2,4,11,2023,15:10,CML,3,5,100,106.8,74.05,1.8809242,1.20E+04,5.41E+02,4.87E+03,,,Y,Y,Y,,
2,4,11,2023,16:49,JEL,1,5,100,107,77.9,1.67129448,8.24E+03,6.37E+02,1.70E+03,,,Y,Y,Y,,
2,4,11,2023,16:49,JEL,2,5,100,91.39,68.06,1.339907224,8.96E+03,4.83E+02,2.90E+03,,,Y,Y,Y,,
2,4,11,2023,16:49,JEL,3,5,100,91.34,68.33,1.321528728,7.97E+03,4.56E+02,2.11E+03,,,Y,Y,Y,,
6,9,11,2023,5:53,HHHR2,1,5,100,189.2,126.1,3.62400968,NA,NA,NA,,,Y,N,N,,
6,9,11,2023,5:53,HHHR2,2,5,100,175,120.7,3.11860104,NA,NA,NA,,,Y,N,N,,
6,9,11,2023,5:53,HHHR2,3,5,100,194.8,136.9,3.32535912,NA,NA,NA,,,Y,N,N,,
9,10,11,2023,8:07,CML,1,5,100,34.63,26.16,0.486455816,3.61E+03,2.12E+02,2.12E+03,,,Y,Y,Y,,
9,10,11,2023,8:07,CML,2,5,100,34.55,24.39,0.583517248,3.74E+03,2.17E+02,2.55E+03,,,Y,Y,Y,,
9,10,11,2023,8:07,CML,3,5,100,32.9,23.78,0.523787136,5.21E+03,5.21E+02,3.58E+03,,,Y,Y,Y,,
9,10,11,2023,9:59,JEL,1,5,100,119.1,83.82,2.026229184,7.64E+03,9.54E+02,4.29E+03,,,Y,Y,Y,,
9,10,11,2023,9:59,JEL,2,5,100,127,89.53,2.152007016,7.19E+03,4.23E+02,2.12E+03,,,Y,Y,Y,,
9,10,11,2023,9:59,JEL,3,5,100,117.2,89.55,1.58801692,2.59E+03,5.19E+02,1.04E+03,,,Y,Y,Y,,
13,16,11,2023,10:45,HHHR2,1,5,100,211.1,143.1,3.9054304,NA,NA,NA,,,Y,N,N,,
13,16,11,2023,10:45,HHHR2,2,5,100,202.6,137.6,3.733132,NA,NA,NA,,,Y,N,N,,
13,16,11,2023,10:45,HHHR2,3,5,100,222.4,155,3.87097072,NA,NA,NA,,,Y,N,N,,
16,17,11,2023,12:39,CML,1,5,100,50.31,35.87,0.829329632,4.46E+03,2.23E+02,2.10E+03,,,Y,Y,Y,,
16,17,11,2023,12:39,CML,2,5,100,54.43,37.01,1.000479376,4.00E+03,1.36E+02,1.45E+03,,,Y,Y,Y,,
16,17,11,2023,12:39,CML,3,5,100,62.69,44.65,1.036087712,4.58E+03,3.78E+02,1.97E+03,,,Y,Y,Y,,
16,17,11,2023,14:23,JEL,1,5,100,97.97,71.47,1.5219692,6.57E+03,6.80E+02,1.81E+03,,,Y,Y,Y,,
16,17,11,2023,14:23,JEL,2,5,100,99.02,73.68,1.455347152,5.27E+03,2.34E+02,1.87E+03,,,Y,Y,Y,,
16,17,11,2023,14:23,JEL,3,5,100,102.1,76.03,1.497273096,6.84E+03,3.66E+02,1.83E+03,,,Y,Y,Y,,
20,21,11,2023,4:21,HHHR2,1,5,100,131,99.49,1.809707528,NA,NA,NA,,,Y,N,N,,
20,21,11,2023,4:21,HHHR2,2,5,100,144.5,107.1,2.14798672,NA,NA,NA,,,Y,N,N,,
20,21,11,2023,4:21,HHHR2,3,5,100,156.6,109.5,2.70508488,NA,NA,NA,,,Y,N,N,,
20,21,11,2023,16:39,CML,1,5,100,52.71,39.6,0.752944008,4.10E+03,0.00E+00,1.59E+03,,,Y,Y,Y,,
20,21,11,2023,16:39,CML,2,5,100,51.95,38.94,0.747200728,5.56E+03,5.96E+02,2.58E+03,,,Y,Y,Y,,
20,21,11,2023,16:39,CML,3,5,100,51.38,37.87,0.775917128,5.22E+03,4.18E+02,1.67E+03,,,Y,Y,Y,,
20,21,11,2023,18:11,JEL,1,5,100,180.2,122.7,3.302386,7.26E+03,2.04E+02,1.84E+03,,,Y,Y,Y,,
20,21,11,2023,18:11,JEL,2,5,100,167.5,120.1,2.72231472,7.73E+03,5.52E+02,1.44E+03,,,Y,Y,Y,,
20,21,11,2023,18:11,JEL,3,5,100,167.9,122.4,2.6131924,7.25E+03,6.59E+02,1.32E+03,,,Y,Y,Y,,
4,6,12,2023,4:13,HHHR2,1,5,100,251.5,159.2,5.30104744,NA,NA,NA,,,Y,N,N,,
4,6,12,2023,4:13,HHHR2,2,5,100,242.6,165.4,4.43381216,NA,NA,NA,,,Y,N,N,,
4,6,12,2023,4:13,HHHR2,3,5,100,258.7,176.2,4.738206,NA,NA,NA,,,Y,N,N,,
5,6,12,2023,17:10,CML,1,5,100,45.97,33.94,0.690916584,3.51E+03,1.60E+02,1.44E+03,,,Y,Y,Y,,
5,6,12,2023,17:10,CML,2,5,100,45.79,34.43,0.652436608,2.67E+03,2.81E+02,1.82E+03,,,Y,Y,Y,,
5,6,12,2023,17:10,CML,3,5,100,45.07,33.15,0.684598976,3.23E+03,3.23E+02,1.29E+03,,,Y,Y,Y,,
5,6,12,2023,18:50,JEL,1,5,100,145.9,93.06,3.034749152,3.83E+03,5.69E+02,1.55E+03,,,Y,Y,Y,,
5,6,12,2023,18:50,JEL,2,5,100,136.8,94.52,2.428258784,3.87E+03,6.65E+02,1.57E+03,,,Y,Y,Y,,
5,6,12,2023,18:50,JEL,3,5,100,130.3,90.36,2.293866032,3.51E+03,3.78E+02,1.13E+03,,,Y,Y,Y,,
11,15,12,2023,9:33,HHHR2,1,5,100,104.3,74.65,1.70288252,NA,NA,NA,,,Y,N,N,,
11,15,12,2023,9:33,HHHR2,2,5,100,105.4,74.25,1.78903172,NA,NA,NA,,,Y,N,N,,
11,15,12,2023,9:33,HHHR2,3,5,100,107.2,78.43,1.652341656,NA,NA,NA,,,Y,N,N,,
14,15,12,2023,11:36,CML,1,5,100,49.51,37.19,0.707572096,3.29E+03,3.66E+02,1.72E+03,,,Y,Y,Y,,
14,15,12,2023,11:36,CML,2,5,100,50.77,38.04,0.731119544,3.82E+03,3.52E+02,1.81E+03,,,Y,Y,Y,,
14,15,12,2023,11:36,CML,3,5,100,46.1,34.88,0.644396016,6.06E+03,4.12E+02,2.76E+03,,,Y,Y,Y,,
14,15,12,2023,13:21,JEL,1,5,100,166.4,125.1,2.37197464,8.81E+03,0.00E+00,6.40E+03,,,Y,Y,Y,,
14,15,12,2023,13:21,JEL,2,5,100,161.3,119,2.42940744,6.06E+03,7.58E+02,0.00E+00,,,Y,Y,Y,,
14,15,12,2023,13:21,JEL,3,5,100,166.4,125,2.37771792,1.16E+04,0.00E+00,4.63E+03,,,Y,Y,Y,,
17,19,12,2023,15:54,HHHR2,1,5,100,120.3,86.52,1.940079984,NA,NA,NA,,,Y,N,N,,
17,19,12,2023,15:54,HHHR2,2,5,100,115.4,82.05,1.91538388,NA,NA,NA,,,Y,N,N,,
17,19,12,2023,15:54,HHHR2,3,5,100,112.5,79.27,1.908491944,NA,NA,NA,,,Y,N,N,,
21,22,12,2023,18:29,CML,1,5,100,64.49,45.29,1.10270976,7.34E+03,0.00E+00,1.47E+04,,,Y,Y,Y,,
21,22,12,2023,18:29,CML,2,5,100,62.59,46.61,0.917776144,0.00E+00,0.00E+00,1.16E+04,,,Y,Y,Y,,
21,22,12,2023,18:29,CML,3,5,100,61.65,46.57,0.866086624,1.50E+04,0.00E+00,1.50E+04,,,Y,Y,Y,,
21,22,12,2023,20:11,JEL,1,5,100,191.5,144.1,2.72231472,3.11E+03,0.00E+00,9.32E+03,,,Y,Y,Y,,
21,22,12,2023,20:11,JEL,2,5,100,206,149.7,3.23346664,6.63E+03,0.00E+00,1.82E+04,,,Y,Y,Y,,
21,22,12,2023,20:11,JEL,3,5,100,193.9,146.1,2.74528784,3.25E+03,0.00E+00,9.75E+03,,,Y,Y,Y,,
28,29,12,2023,11:50,CML,1,5,100,65.47,46.52,1.08835156,1.15E+04,0.00E+00,2.29E+04,,,Y,Y,Y,,
28,29,12,2023,11:50,CML,2,5,100,65.01,47.18,1.024026824,1.45E+04,0.00E+00,1.78E+04,,,Y,Y,Y,,
28,29,12,2023,11:50,CML,3,5,100,68.31,49.54,1.078013656,1.11E+04,0.00E+00,2.38E+04,,,Y,Y,Y,,
28,29,12,2023,12:53,JEL,1,5,100,152.6,110.2,2.43515072,8.23E+03,1.65E+03,9.87E+03,,,Y,Y,Y,,
28,29,12,2023,12:53,JEL,2,5,100,141.6,103.1,2.2111628,1.11E+04,0.00E+00,2.41E+04,,,Y,Y,Y,,
28,29,12,2023,12:53,JEL,3,5,100,158.5,116.3,2.42366416,1.75E+03,0.00E+00,1.75E+04,,,Y,Y,Y,,
2,3,1,2024,3:23,HHHR2,1,5,100,97.99,67.2,1.768355912,NA,NA,NA,,,Y,N,N,,
2,3,1,2024,3:23,HHHR2,2,5,100,101.1,68.13,1.893559416,NA,NA,NA,,,Y,N,N,,
2,3,1,2024,3:23,HHHR2,3,5,100,103.7,68.55,2.01876292,NA,NA,NA,,,Y,N,N,,
3,4,1,2024,16:19,CML,1,5,100,27.12,20.04,0.406624224,3.24E+03,0.00E+00,1.14E+04,888,236.53,Y,Y,Y,,
3,4,1,2024,16:19,CML,2,5,100,28.54,21.04,0.430746,1.67E+03,0.00E+00,1.67E+04,961,255.97,Y,Y,Y,,
3,4,1,2024,16:19,CML,3,5,100,30.73,22.06,0.497942376,4.89E+03,0.00E+00,1.31E+04,872,232.35,Y,Y,Y,,
3,4,1,2024,17:58,JEL,1,5,100,58.29,44.43,0.796018608,5.90E+03,0.00E+00,1.18E+04,2181,580.94,Y,Y,Y,,
3,4,1,2024,17:58,JEL,2,5,100,57.76,42.73,0.863214984,1.44E+03,0.00E+00,2.30E+04,4161,1108.33,Y,Y,Y,,
3,4,1,2024,17:58,JEL,3,5,100,59.99,43.43,0.951087168,0.00E+00,0.00E+00,1.70E+04,4614,1229,Y,Y,Y,,
8,11,1,2024,8:12,HHHR2,1,5,100,102.5,76.3,1.50473936,NA,NA,NA,,,Y,N,N,,
8,11,1,2024,8:12,HHHR2,2,5,100,96.68,73.65,1.322677384,NA,NA,NA,,,Y,N,N,,
8,11,1,2024,8:12,HHHR2,3,5,100,102.7,79.25,1.34679916,NA,NA,NA,,,Y,N,N,,
11,12,1,2024,10:33,CML,1,5,100,81.29,63.03,1.048722928,1.05E+04,0.00E+00,1.35E+04,8818,2348.78,Y,Y,Y,,
11,12,1,2024,10:33,CML,2,5,100,76.79,61.57,0.874127216,4.61E+03,0.00E+00,1.07E+04,8487,2260.62,Y,Y,Y,,
11,12,1,2024,10:33,CML,3,5,100,73.17,55.51,1.014263248,1.23E+04,3.06E+03,1.99E+04,8124,2164.71,Y,Y,Y,,
11,12,1,2024,12:17,JEL,1,5,100,120.4,93.53,1.543219336,8.13E+03,0.00E+00,3.25E+03,16204,4317.7,Y,Y,Y,,Pleurosigma
11,12,1,2024,12:17,JEL,2,5,100,123.4,91.4,1.8378496,1.73E+04,1.57E+03,1.88E+04,13573,3616.64,Y,Y,Y,,Pleurosigma
11,12,1,2024,12:17,JEL,3,5,100,117.5,93.12,1.400211664,4.78E+03,0.00E+00,1.27E+04,11600,3089.8,Y,Y,Y,,Pleurosigma
15,18,1,2024,14:03,HHHR2,1,5,100,169.5,140.1,1.68852432,NA,NA,NA,,,Y,N,N,,
15,18,1,2024,14:03,HHHR2,2,5,100,147.2,121.3,1.48750952,NA,NA,NA,,,Y,N,N,,
15,18,1,2024,14:03,HHHR2,3,5,100,151.2,125.4,1.48176624,NA,NA,NA,,,Y,N,N,,
18,19,1,2024,17:03,CML,1,5,100,47.01,36.63,0.596152464,3.64E+03,0.00E+00,1.82E+03,5149,1371.5,Y,Y,Y,,
18,19,1,2024,17:03,CML,2,5,100,43.96,34.56,0.53986832,3.56E+03,0.00E+00,0.00E+00,4582,1220.47,Y,Y,Y,,
18,19,1,2024,17:03,CML,3,5,100,41.65,32.4,0.5312534,1.81E+03,0.00E+00,0.00E+00,3947,1051.71,Y,Y,Y,,
18,19,1,2024,18:42,JEL,1,5,100,85.33,66.67,1.071696048,7.12E+03,1.42E+03,0.00E+00,,,Y,Y,Y,,
18,19,1,2024,18:42,JEL,2,5,100,82.25,65.6,0.95625612,1.41E+03,0.00E+00,0.00E+00,,,Y,Y,Y,,
18,19,1,2024,18:42,JEL,3,5,100,83.18,67.72,0.887911088,2.88E+03,0.00E+00,1.44E+03,,,Y,Y,Y,,
22,23,1,2024,8:34,HHHR2,1,5,100,54.86,39.13,0.903417944,NA,NA,NA,,,Y,N,N,,
22,23,1,2024,8:34,HHHR2,2,5,100,52.74,37.81,0.857471704,NA,NA,NA,,,Y,N,N,,
22,23,1,2024,8:34,HHHR2,3,5,100,51.1,36.09,0.862066328,NA,NA,NA,,,Y,N,N,,
25,26,1,2024,10:54,CML,1,5,100,29.18,21.93,0.4163878,4.90E+03,0.00E+00,4.90E+03,,,Y,Y,Y,,
25,26,1,2024,10:54,CML,2,5,100,29.23,22.05,0.412367504,0.00E+00,0.00E+00,1.65E+03,,,Y,Y,Y,,
25,26,1,2024,10:54,CML,3,5,100,28.91,22.06,0.39341468,1.62E+03,0.00E+00,1.62E+03,,,Y,Y,Y,,
25,26,1,2024,12:38,JEL,1,5,100,46.69,38.56,0.466928664,1.82E+03,0.00E+00,3.64E+03,,,Y,Y,Y,,
25,26,1,2024,12:38,JEL,2,5,100,41.15,31.87,0.532976384,3.18E+03,0.00E+00,3.18E+03,,,Y,Y,Y,,
25,26,1,2024,12:38,JEL,3,5,100,45.81,35.77,0.576625312,2.04E+04,1.86E+03,9.29E+03,,,Y,Y,Y,,
29,31,1,2024,13:31,HHHR2,1,5,100,163.5,127.4,2.07332408,NA,NA,NA,,,Y,N,N,,
29,31,1,2024,13:31,HHHR2,2,5,100,163,128.7,1.96994504,NA,NA,NA,,,Y,N,N,,
29,31,1,2024,13:31,HHHR2,3,5,100,174.5,136.8,2.16521656,NA,NA,NA,,,Y,N,N,,
1,2,2,2024,15:34,CML,1,5,100,64.36,46.91,1.00220236,1.20E+04,0.00E+00,0.00E+00,,,Y,Y,Y,,
1,2,2,2024,15:34,CML,2,5,100,94.06,61.13,1.891262104,1.65E+04,0.00E+00,3.29E+03,,,Y,Y,Y,,
1,2,2,2024,15:34,CML,3,5,100,93.13,64.06,1.669571496,9.17E+03,0.00E+00,0.00E+00,,,Y,Y,Y,,
2,3,2,2024,18:02,JEL,1,5,100,54.39,40.94,0.77247116,1.69E+03,0.00E+00,0.00E+00,,,Y,Y,Y,,
2,3,2,2024,18:02,JEL,2,5,100,63.56,46.74,0.966019696,1.60E+03,1.60E+03,3.19E+03,,,Y,Y,Y,,
2,3,2,2024,18:02,JEL,3,5,100,62.61,47.37,0.875275872,5.38E+03,0.00E+00,0.00E+00,,,Y,Y,Y,,
5,8,2,2024,6:34,HHHR2,1,5,100,98.68,73.65,1.437542984,NA,NA,NA,,,Y,N,N,,
5,8,2,2024,6:34,HHHR2,2,5,100,100.7,76.91,1.366326312,NA,NA,NA,,,Y,N,N,,
5,8,2,2024,6:34,HHHR2,3,5,100,108.7,81.08,1.586293936,NA,NA,NA,,,Y,N,N,,
8,9,2,2024,9:23,CML,1,5,100,41.61,29.74,0.681727336,1.60E+04,0.00E+00,2.91E+03,,,Y,Y,Y,,
8,9,2,2024,9:23,CML,2,5,100,44.41,30.97,0.771896832,5.97E+03,0.00E+00,2.98E+03,,,Y,Y,Y,,
8,9,2,2024,9:23,CML,3,5,100,42.39,31.34,0.63463244,1.23E+04,0.00E+00,1.54E+03,,,Y,Y,Y,,
8,9,2,2024,11:07,JEL,1,5,100,53.03,41.15,0.682301664,1.08E+04,0.00E+00,0.00E+00,,,Y,Y,Y,,
8,9,2,2024,11:07,JEL,2,5,100,52.45,41.41,0.634058112,8.76E+03,0.00E+00,1.75E+03,,,Y,Y,Y,,
8,9,2,2024,11:07,JEL,3,5,100,56.4,44,0.71216672,2.68E+04,1.78E+03,0.00E+00,,,Y,Y,Y,,
12,16,2,2024,12:54,HHHR2,1,5,100,90.47,61.29,1.675889104,NA,NA,NA,,,Y,N,N,,
12,16,2,2024,12:54,HHHR2,2,5,100,88.53,64.68,1.36977228,NA,NA,NA,,,Y,N,N,,
12,16,2,2024,12:54,HHHR2,3,5,100,90.36,68.47,1.257203992,NA,NA,NA,,,Y,N,N,,
15,16,2,2024,15:39,CML,1,5,100,42.15,31.71,0.599598432,1.71E+04,0.00E+00,1.85E+04,,,Y,Y,Y,,
15,16,2,2024,15:39,CML,2,5,100,47.11,32.19,0.856897376,2.06E+04,1.47E+03,2.95E+03,,,Y,Y,Y,,
15,16,2,2024,15:39,CML,3,5,100,46.44,32.84,0.78108608,1.48E+03,0.00E+00,2.96E+03,,,Y,Y,Y,,
15,16,2,2024,17:18,JEL,1,5,100,175.9,133.3,2.44663728,1.49E+04,4.48E+03,2.99E+03,,,Y,Y,Y,,
15,16,2,2024,17:18,JEL,2,5,100,181.2,134,2.71082816,3.02E+03,0.00E+00,3.02E+03,,,Y,Y,Y,,
15,16,2,2024,17:18,JEL,3,5,100,176.2,138.9,2.14224344,1.66E+04,0.00E+00,3.02E+03,,,Y,Y,Y,,
20,21,2,2024,8:13,CML,1,5,100,36.57,23.88,0.728822232,6.51E+03,0.00E+00,9.77E+03,,,Y,Y,Y,,
20,21,2,2024,8:13,CML,2,5,100,39.26,24.45,0.850579768,9.10E+03,0.00E+00,4.55E+03,,,Y,Y,Y,,
20,21,2,2024,8:13,CML,3,5,100,42.57,28.59,0.802910544,1.12E+04,1.60E+03,9.59E+03,,,Y,Y,Y,,
20,21,2,2024,9:57,JEL,1,5,100,127.9,92.94,2.007850688,9.79E+03,0.00E+00,5.60E+03,,,Y,Y,Y,,
20,21,2,2024,9:57,JEL,2,5,100,108.6,94.73,0.796592936,2.05E+04,2.73E+03,5.46E+03,,,Y,Y,Y,,
20,21,2,2024,9:57,JEL,3,5,100,132.2,118.3,0.79831592,6.77E+03,0.00E+00,5.42E+03,,,Y,Y,Y,,
26,29,2,2024,12:31,HHHR2,1,5,100,116.9,82.88,1.953863856,NA,NA,NA,,,Y,N,N,,
26,29,2,2024,12:31,HHHR2,2,5,100,120.3,83.93,2.088830936,NA,NA,NA,,,Y,N,N,,
26,29,2,2024,12:31,HHHR2,3,5,100,124.4,84.06,2.316839152,NA,NA,NA,,,Y,N,N,,
28,29,2,2024,13:34,CML,1,5,100,38.29,27.41,0.624868864,5.61E+03,0.00E+00,4.21E+03,,,Y,Y,Y,200,
28,29,2,2024,13:34,CML,2,5,100,40.81,29.14,0.670240776,1.53E+04,1.39E+03,4.16E+03,,,Y,Y,Y,200,
28,29,2,2024,13:34,CML,3,5,100,41.65,30.25,0.65473392,2.09E+04,1.49E+03,2.99E+03,,,Y,Y,Y,200,
28,29,2,2024,15:17,JEL,1,5,100,92.64,65.07,1.583422296,7.79E+03,0.00E+00,7.79E+03,,,Y,Y,Y,200,
28,29,2,2024,15:17,JEL,2,5,100,96.12,68.53,1.584570952,1.58E+04,1.58E+03,9.45E+03,,,Y,Y,Y,200,
28,29,2,2024,15:17,JEL,3,5,100,97.19,68.68,1.637409128,2.43E+04,1.62E+03,1.30E+04,,,Y,Y,Y,125,
4,7,3,2024,4:54,HHHR2,1,5,100,97.04,67.74,1.68278104,NA,NA,NA,,,Y,N,N,NA,
4,7,3,2024,4:54,HHHR2,2,5,100,100.3,68.57,1.822342744,NA,NA,NA,,,Y,N,N,NA,
4,7,3,2024,4:54,HHHR2,3,5,100,101.7,69.11,1.871734952,NA,NA,NA,,,Y,N,N,NA,
8,9,3,2024,9:04,CML,1,5,100,112.4,78.03,1.973965336,4.94E+03,0.00E+00,0.00E+00,,,Y,Y,Y,150,
8,9,3,2024,9:04,CML,2,5,100,115.2,78.42,2.112378384,7.29E+03,0.00E+00,3.65E+03,,,Y,Y,Y,150,
8,9,3,2024,9:04,CML,3,5,100,115,80.42,1.986026224,7.36E+03,0.00E+00,1.84E+03,,,Y,Y,Y,150,
8,9,3,2024,10:47,JEL,1,5,100,163.4,119.3,2.53278648,0.00E+00,0.00E+00,0.00E+00,,,Y,Y,Y,150,
8,9,3,2024,10:47,JEL,2,5,100,168.2,119.4,2.80272064,3.16E+03,1.58E+03,3.16E+03,,,Y,Y,Y,150,
8,9,3,2024,10:47,JEL,3,5,100,181,132.5,2.7854908,2.87E+03,0.00E+00,0.00E+00,,,Y,Y,Y,150,
11,14,3,2024,12:47,HHHR2,1,5,100,427.5,307.4,6.89767928,NA,NA,NA,,,Y,N,N,NA,
11,14,3,2024,12:47,HHHR2,2,5,100,421.5,307.6,6.54159592,NA,NA,NA,,,Y,N,N,NA,
11,14,3,2024,12:47,HHHR2,3,5,100,425,316,6.2601752,NA,NA,NA,,,Y,N,N,NA,
13,14,3,2024,14:26,CML,1,5,100,103.3,77.16,1.501293392,9.63E+03,1.38E+03,0.00E+00,,,Y,Y,Y,400,
13,14,3,2024,14:26,CML,2,5,100,106.1,79.03,1.554705896,0.00E+00,0.00E+00,0.00E+00,,,Y,Y,Y,400,
13,14,3,2024,14:26,CML,3,5,100,111.3,81.8,1.6942676,4.00E+03,0.00E+00,0.00E+00,,,Y,Y,Y,500,
13,14,3,2024,16:07,JEL,1,5,100,169.3,122,2.71657144,1.44E+03,1.44E+03,2.88E+03,,,Y,Y,Y,500,
13,14,3,2024,16:07,JEL,2,5,100,180.3,134,2.65913864,2.93E+03,0.00E+00,1.47E+03,,,Y,Y,Y,NA,
13,14,3,2024,16:07,JEL,3,5,100,187.8,140.6,2.71082816,7.24E+03,1.45E+03,2.90E+03,,,Y,Y,Y,NA,
18,21,3,2024,6:43,HHHR2,1,5,100,85.99,64.63,1.226764608,NA,NA,NA,,,Y,N,N,NA,
18,21,3,2024,6:43,HHHR2,2,5,100,83.98,65.11,1.083756936,NA,NA,NA,,,Y,N,N,NA,
18,21,3,2024,6:43,HHHR2,3,5,100,88.09,66.36,1.248014744,NA,NA,NA,,,Y,N,N,NA,
21,22,3,2024,9:46,CML,1,5,100,36.5,27.32,0.527233104,2.10E+03,1.42E+02,5.98E+02,,,Y,Y,Y,500,
21,22,3,2024,9:46,CML,2,5,100,36.78,27.82,0.514597888,2.07E+03,1.52E+02,6.36E+02,,,Y,Y,Y,500,
21,22,3,2024,9:46,CML,3,5,100,36.29,28.31,0.458313744,2.13E+03,1.90E+02,5.02E+02,,,Y,Y,Y,500,
21,22,3,2024,11:29,JEL,1,5,100,100.1,74.05,1.49612444,2.18E+03,4.97E+02,3.63E+02,,,Y,Y,Y,NA,
21,22,3,2024,11:29,JEL,2,5,100,107.5,80.05,1.57653036,2.49E+03,5.46E+02,3.54E+02,,,Y,Y,Y,NA,
21,22,3,2024,11:29,JEL,3,5,100,111.7,80.24,1.806835888,2.28E+03,6.21E+02,4.11E+02,,,Y,Y,Y,NA,
25,28,3,2024,12:33,HHHR2,1,5,100,88.28,65.5,1.308319184,NA,NA,NA,,,Y,N,N,NA,
25,28,3,2024,12:33,HHHR2,2,5,100,85.1,66.11,1.090648872,NA,NA,NA,,,Y,N,N,NA,
25,28,3,2024,12:33,HHHR2,3,5,100,90.62,67.46,1.330143648,NA,NA,NA,,,Y,N,N,NA,
27,28,3,2024,13:32,CML,1,5,100,56.84,43.05,0.791998312,5.06E+03,1.52E+02,1.85E+03,,,Y,Y,Y,500,
27,28,3,2024,13:32,CML,2,5,100,58.25,43.91,0.823586352,5.73E+03,6.64E+01,2.24E+03,,,Y,Y,Y,500,
27,28,3,2024,13:32,CML,3,5,100,59.85,44.21,0.898248992,5.99E+03,1.04E+02,2.55E+03,,,Y,Y,Y,500,
27,28,3,2024,15:18,JEL,1,5,100,113.4,88.56,1.426630752,1.30E+03,4.38E+02,2.47E+02,,,Y,Y,Y,NA,
27,28,3,2024,15:18,JEL,2,5,100,116.4,90.85,1.46740804,1.29E+03,3.23E+02,2.28E+02,,,Y,Y,Y,NA,
27,28,3,2024,15:18,JEL,3,5,100,116.9,92.87,1.380110184,1.43E+03,3.81E+02,3.14E+02,,,Y,Y,Y,NA,
1,5,4,2024,4:28,HHHR2,1,5,100,85.72,59.99,1.477745944,NA,NA,NA,,,Y,N,N,NA,
1,5,4,2024,4:28,HHHR2,2,5,100,89.22,62.24,1.549536944,NA,NA,NA,,,Y,N,N,NA,
1,5,4,2024,4:28,HHHR2,3,5,100,92.09,63.33,1.651767328,NA,NA,NA,,,Y,N,N,NA,
2,3,4,2024,7:05,JEL,1,5,100,173.4,143.9,1.6942676,,,,,,Y,N,Y,NA,Marley ran
2,3,4,2024,7:05,JEL,2,5,100,159,107.9,2.93481608,,,,,,Y,N,Y,NA,
2,3,4,2024,7:05,JEL,3,5,100,188,132.5,3.1875204,,,,,,Y,N,Y,NA,
9,12,4,2024,14:29,HHHR2,1,5,100,120.6,85.51,2.015316952,NA,NA,NA,,,Y,N,N,NA,
9,12,4,2024,14:29,HHHR2,2,5,100,129,91.67,2.143966424,NA,NA,NA,,,Y,N,N,NA,
9,12,4,2024,14:29,HHHR2,3,5,100,139,99.7,2.25710904,NA,NA,NA,,,Y,N,N,NA,
11,12,4,2024,14:08,CML,1,5,100,59.6,43.24,0.939600608,1.65E+03,2.47E+02,6.65E+01,,,Y,Y,Y,500,
11,12,4,2024,14:08,CML,2,5,100,65.92,48.04,1.026898464,1.61E+03,1.61E+02,8.55E+01,,,Y,Y,Y,500,
11,12,4,2024,14:08,CML,3,5,100,65.26,49.24,0.920073456,1.63E+03,1.80E+02,8.55E+01,,,Y,Y,Y,500,
11,12,4,2024,15:49,JEL,1,5,100,84.92,63.45,1.233082216,9.27E+02,1.89E+02,6.62E+01,,,Y,Y,Y,NA,
11,12,4,2024,15:49,JEL,2,5,100,91.2,65.35,1.48463788,8.51E+02,2.17E+02,1.70E+02,,,Y,Y,Y,NA,
11,12,4,2024,15:49,JEL,3,5,100,87.79,65.85,1.260075632,1.03E+03,1.80E+02,1.42E+02,,,Y,Y,Y,NA,
19,21,4,2024,9:10,CML,1,5,100,82.2,57.76,1.403657632,1.46E+03,7.57E+01,1.23E+02,,,Y,Y,Y,500,+24 HR
19,21,4,2024,9:10,CML,2,5,100,86.55,60.86,1.475448632,1.47E+03,1.61E+02,1.23E+02,,,Y,Y,Y,500,+24 HR
19,21,4,2024,9:10,CML,3,5,100,92.89,58.91,1.951566544,1.43E+03,1.42E+02,1.42E+02,,,Y,Y,Y,500,+24 HR
19,21,4,2024,10:55,JEL,1,5,100,181.5,125.2,3.23346664,1.55E+03,1.99E+02,7.60E+01,,,Y,Y,Y,NA,+24 HR
19,21,4,2024,10:55,JEL,2,5,100,171.4,119.5,2.98076232,1.56E+03,1.80E+02,8.55E+01,,,Y,Y,Y,NA,+24 HR
19,21,4,2024,10:55,JEL,3,5,100,175.8,122.8,3.0439384,1.46E+03,3.80E+02,9.50E+01,,,Y,Y,Y,NA,+24 HR
22,25,4,2024,11:27,HHHR2,1,5,100,211.5,142.8,3.94563336,NA,NA,NA,,,Y,N,N,NA,
22,25,4,2024,11:27,HHHR2,2,5,100,226.3,149.9,4.38786592,NA,NA,NA,,,Y,N,N,NA,
22,25,4,2024,11:27,HHHR2,3,5,100,206.4,139,3.87097072,NA,NA,NA,,,Y,N,N,NA,
24,25,4,2024,12:33,CML,1,5,100,160.4,109.2,2.94055936,1.88E+03,1.04E+02,1.52E+02,,,Y,Y,Y,500,
24,25,4,2024,12:33,CML,2,5,100,164.8,114.2,2.90609968,2.11E+03,1.14E+02,2.37E+02,,,Y,Y,Y,500,
24,25,4,2024,12:33,CML,3,5,100,156.4,106.7,2.85441016,1.87E+03,1.14E+02,1.90E+02,,,Y,Y,Y,500,
24,25,4,2024,14:20,JEL,1,5,100,175.2,123.2,2.9865056,7.72E+03,5.77E+02,5.69E+03,,,Y,Y,Y,NA,
24,25,4,2024,14:20,JEL,2,5,100,182.6,128.5,3.10711448,7.86E+03,5.67E+02,5.46E+03,,,Y,Y,Y,NA,
24,25,4,2024,14:20,JEL,3,5,100,219.6,157.5,3.56657688,8.05E+03,4.82E+02,5.47E+03,,,Y,Y,Y,NA,
29,1,4,2024,16:06,HHHR2,1,5,100,365.4,247.9,6.748354,NA,NA,NA,,,Y,N,N,NA,
29,1,4,2024,16:06,HHHR2,2,5,100,340.1,227.8,6.44970344,NA,NA,NA,,,Y,N,N,NA,
29,1,4,2024,16:06,HHHR2,3,5,100,376.9,251,7.23078952,NA,NA,NA,,,Y,N,N,NA,
30,1,4,2024,16:59,CML,1,5,100,243.5,164.1,4.56016432,1.03E+04,3.69E+02,7.47E+03,,,Y,Y,Y,500,
30,1,4,2024,16:59,CML,2,5,100,237,159.7,4.43955544,1.05E+04,3.12E+02,7.47E+03,,,Y,Y,Y,500,
30,1,4,2024,16:59,CML,3,5,100,243.9,162.8,4.65780008,1.01E+04,3.40E+02,6.99E+03,,,Y,Y,Y,500,
30,1,4,2024,18:41,JEL,1,5,100,375.7,252.6,7.06997768,1.15E+04,5.11E+02,6.28E+03,,,Y,Y,Y,NA,
30,1,4,2024,18:41,JEL,2,5,100,376.2,253.9,7.02403144,1.10E+04,5.30E+02,6.25E+03,,,Y,Y,Y,NA,
30,1,4,2024,18:41,JEL,3,5,100,360.6,249,6.40950048,1.02E+04,5.39E+02,5.41E+03,,,Y,Y,Y,NA,
6,9,5,2024,10:25,HHHR2,1,5,100,77.41,57.21,1.16014256,NA,NA,NA,,,Y,N,N,NA,
6,9,5,2024,10:25,HHHR2,2,5,100,91.77,71.01,1.192304928,NA,NA,NA,,,Y,N,N,NA,
6,9,5,2024,10:25,HHHR2,3,5,100,79.54,59.75,1.136595112,NA,NA,NA,,,Y,N,N,NA,
8,9,5,2024,12:10,CML,1,5,100,107,80.84,1.502442048,2.59E+03,1.80E+02,2.84E+02,,,Y,Y,Y,500,
8,9,5,2024,12:10,CML,2,5,100,103.7,79.58,1.385279136,3.03E+03,1.42E+02,2.65E+02,,,Y,Y,Y,500,
8,9,5,2024,12:10,CML,3,5,100,104,79.09,1.430651048,3.14E+03,2.27E+02,2.75E+02,,,Y,Y,Y,500,
8,9,5,2024,13:51,JEL,1,5,100,366.2,277.9,5.07131624,7.57E+03,5.11E+02,9.46E+02,,,Y,Y,Y,NA,
8,9,5,2024,13:51,JEL,2,5,100,356.5,266.6,5.16320872,8.09E+03,5.30E+02,1.39E+03,,,Y,Y,Y,NA,
8,9,5,2024,13:51,JEL,3,5,100,362,273.5,5.0828028,8.55E+03,4.35E+02,2.45E+03,,,Y,Y,Y,NA,
13,17,5,2024,16:35,HHHR2,1,5,100,124.5,94.67,1.713220424,NA,NA,NA,,,Y,N,N,NA,
13,17,5,2024,16:35,HHHR2,2,5,100,131.2,96.63,1.985451896,NA,NA,NA,,,Y,N,N,NA,
13,17,5,2024,16:35,HHHR2,3,5,100,129.1,95.39,1.936059688,NA,NA,NA,,,Y,N,N,NA,
17,18,5,2024,7:29,CML,1,5,100,89.12,67.64,1.233656544,4.43E+03,5.60E+02,2.73E+03,,,Y,Y,Y,500,
17,18,5,2024,7:29,CML,2,5,100,86.07,66.23,1.139466752,4.35E+03,4.55E+02,2.94E+03,,,Y,Y,Y,500,
17,18,5,2024,7:29,CML,3,5,100,85.95,64.81,1.214129392,4.15E+03,5.22E+02,2.71E+03,,,Y,Y,Y,500,
17,18,5,2024,9:14,JEL,1,5,100,225.4,169.8,3.19326368,1.51E+04,6.94E+02,2.38E+03,,,Y,Y,Y,NA,
17,18,5,2024,9:14,JEL,2,5,100,224.6,169,3.19326368,1.57E+04,8.65E+02,2.43E+03,,,Y,Y,Y,NA,
17,18,5,2024,9:14,JEL,3,5,100,219.3,161.7,3.30812928,1.33E+04,6.93E+02,1.90E+03,,,Y,Y,Y,NA,
20,22,5,2024,10:10,HHHR2,1,5,100,101,73.81,1.561597832,NA,NA,NA,,,Y,N,N,NA,
20,22,5,2024,10:10,HHHR2,2,5,100,106.1,82,1.38413048,NA,NA,NA,,,Y,N,N,NA,
20,22,5,2024,10:10,HHHR2,3,5,100,102.6,76.9,1.47602296,NA,NA,NA,,,Y,N,N,NA,
22,F,5,2024,11:28,CML,1,5,100,116,94.28,1.247440416,3.77E+03,3.22E+02,5.49E+02,,,Y,Y,Y,500,
22,F,5,2024,11:28,CML,2,5,100,118.5,111.5,0.4020296,3.95E+03,2.75E+02,5.87E+02,,,Y,Y,Y,500,
22,F,5,2024,11:28,CML,3,5,100,114.5,95.83,1.072270376,3.54E+03,3.79E+02,5.21E+02,,,Y,Y,Y,500,
22,F,5,2024,13:12,JEL,1,5,100,274.2,203.9,4.03752584,1.26E+04,1.74E+03,2.90E+03,,,Y,Y,Y,NA,
22,F,5,2024,13:12,JEL,2,5,100,286.5,235.3,2.94055936,1.35E+04,1.87E+03,3.61E+03,,,Y,Y,Y,NA,
22,F,5,2024,13:12,JEL,3,5,100,312.9,281.1,1.82636304,1.29E+04,1.58E+03,3.03E+03,,,Y,Y,Y,NA,
31,F,5,2024,5:56,CML,1,5,100,174.7,148.1,1.52771248,1.35E+04,7.43E+02,7.81E+02,,,Y,Y,Y,500,
31,F,5,2024,5:56,CML,2,5,100,174.8,158.2,0.95338448,1.33E+04,7.91E+02,8.57E+02,,,Y,Y,Y,500,
31,F,5,2024,5:56,CML,3,5,100,170,124,2.6419088,1.38E+04,8.00E+02,6.95E+02,,,Y,Y,Y,500,
31,F,5,2024,7:37,JEL,1,5,100,491.9,382.2,6.30037816,7.24E+03,4.66E+02,3.90E+02,,,Y,Y,Y,NA,
31,F,5,2024,7:37,JEL,2,5,100,438,326.8,6.38652736,7.54E+03,6.46E+02,3.61E+02,,,Y,Y,Y,NA,
31,F,5,2024,7:37,JEL,3,5,100,479.9,383.3,5.54800848,6.82E+03,6.55E+02,1.99E+02,,,Y,Y,Y,NA,
6,F,6,2024,11:57,CML,1,5,100,276.5,199.5,4.4223256,7.02E+03,1.76E+03,5.07E+03,,,Y,Y,Y,500,
6,F,6,2024,11:57,CML,2,5,100,279.5,213.8,3.77333496,8.75E+03,1.74E+03,6.33E+03,,,Y,Y,Y,500,
6,F,6,2024,11:57,CML,3,NA,NA,NA,NA,NA,8.53E+03,1.89E+03,5.69E+03,,,Y,Y,Y,500,No third Chlorophyll sample taken
6,F,6,2024,13:37,JEL,1,5,100,323,257.1,3.78482152,6.52E+03,9.69E+02,2.07E+03,,,Y,Y,Y,NA,
6,F,6,2024,13:37,JEL,2,5,100,326.8,244.7,4.71523288,6.57E+03,1.31E+03,1.95E+03,,,Y,Y,Y,NA,
6,F,6,2024,13:37,JEL,3,5,100,303.1,255.8,2.71657144,8.28E+03,1.15E+03,2.96E+03,,,Y,Y,Y,NA,
14,F,6,2024,5:44,CML,1,5,100,108.5,82.16,1.512779952,3.50E+03,2.08E+02,6.35E+02,,,Y,Y,Y,500,
14,F,6,2024,5:44,CML,2,5,100,118.5,97.4,1.21183208,3.24E+03,2.08E+02,7.00E+02,,,Y,Y,Y,500,
14,F,6,2024,5:44,CML,3,5,100,117.7,87.35,1.74308548,2.35E+03,2.65E+02,5.10E+02,,,Y,Y,Y,500,
14,F,6,2024,7:30,JEL,1,5,100,167.4,147,1.17162912,3.66E+03,1.61E+02,3.41E+02,,,Y,Y,Y,NA,
14,F,6,2024,7:30,JEL,2,5,100,181.4,162.1,1.10845304,3.56E+03,1.04E+02,2.93E+02,,,Y,Y,Y,NA,
14,F,6,2024,7:30,JEL,3,5,100,178.5,165.9,0.72365328,3.27E+03,8.52E+01,2.65E+02,,,Y,Y,Y,NA,
18,F,6,2024,9:21,CML,1,5,100,172.4,117.9,3.1300876,6.06E+03,2.09E+02,1.17E+03,,,Y,Y,Y,500,
18,F,6,2024,9:21,CML,2,5,100,152.6,133.5,1.09696648,7.07E+03,1.71E+02,8.44E+02,,,Y,Y,Y,500,
18,F,6,2024,9:21,CML,3,5,100,152.3,133.6,1.07399336,5.42E+03,1.42E+02,7.11E+02,,,Y,Y,Y,500,
18,F,6,2024,11:06,JEL,1,5,100,234.6,196.8,2.17095984,1.27E+04,1.51E+02,1.04E+02,,,Y,Y,Y,NA,
18,F,6,2024,11:06,JEL,2,5,100,263.9,232.7,1.79190336,1.33E+04,1.23E+02,1.70E+02,,,Y,Y,Y,NA,
18,F,6,2024,11:06,JEL,3,5,100,258.4,202.5,3.21049352,1.38E+04,1.99E+02,1.51E+02,,,Y,Y,Y,NA,
18,F,6,2024,5:10,JEL-LT,1,5,100,255.9,234.1,1.25203504,NA,NA,NA,,,Y,Y,Y,NA,
18,F,6,2024,5:10,JEL-LT,2,5,100,231.4,198.9,1.866566,NA,NA,NA,,,Y,Y,Y,NA,
18,F,6,2024,5:10,JEL-LT,3,5,100,215.5,202.8,0.72939656,NA,NA,NA,,,Y,Y,Y,NA,
25,F,6,2024,14:47,HHHR2,1,5,100,80.98,66.05,0.857471704,NA,NA,NA,,,Y,N,N,NA,
25,F,6,2024,14:47,HHHR2,2,5,100,174.6,142.1,1.866566,NA,NA,NA,,,Y,N,N,NA,
25,F,6,2024,14:47,HHHR2,3,5,100,81.63,55.95,1.474874304,NA,NA,NA,,,Y,N,N,NA,
27,F,6,2024,5:23,JEL,1,5,100,310.5,238.4,4.14090488,7.94E+03,2.76E+02,2.95E+02,,,Y,Y,Y,NA,
27,F,6,2024,5:23,JEL,2,5,100,287.7,241.9,2.63042224,6.49E+03,3.62E+02,2.85E+02,,,Y,Y,Y,NA,
27,F,6,2024,5:23,JEL,3,5,100,276.2,207.4,3.95137664,6.50E+03,3.52E+02,2.95E+02,,,Y,Y,Y,NA,
28,F,6,2024,4:40,CML,1,5,100,154.3,113.7,2.33177168,7.14E+03,3.23E+02,1.76E+03,,,Y,Y,Y,500,
28,F,6,2024,4:40,CML,2,5,100,145.1,128.3,0.96487104,6.66E+03,3.99E+02,1.73E+03,,,Y,Y,Y,500,
28,F,6,2024,4:40,CML,3,5,100,126.8,92.7,1.95845848,5.88E+03,3.51E+02,1.47E+03,,,Y,Y,Y,500,
1,F,7,2024,9:30,JEL,1,5,100,187.5,135.2,3.00373544,NA,NA,NA,,,Y,Y,Y,NA,
1,F,7,2024,9:30,JEL,2,5,100,213.5,139.9,4.22705408,NA,NA,NA,,,Y,Y,Y,NA,
1,F,7,2024,9:30,JEL,3,5,100,219.6,179.2,2.32028512,NA,NA,NA,,,Y,Y,Y,NA,
3,F,7,2024,9:57,CML,1,5,100,156.8,135,1.25203504,1.26E+04,4.45E+02,1.67E+04,,,Y,Y,Y,500,
3,F,7,2024,9:57,CML,2,5,100,196.8,183.5,0.76385624,1.20E+04,3.78E+02,1.63E+04,,,Y,Y,Y,500,
3,F,7,2024,9:57,CML,3,5,100,139.7,110.8,1.65980792,1.18E+04,3.50E+02,1.65E+04,,,Y,Y,Y,500,
3,F,7,2024,9:58,HHHR2,1,5,100,139.3,111.4,1.60237512,NA,NA,NA,,,Y,N,N,NA,
3,F,7,2024,9:58,HHHR2,2,5,100,140.1,125,0.86723528,NA,NA,NA,,,Y,N,N,NA,
3,F,7,2024,9:58,HHHR2,3,5,100,170.3,141.7,1.64257808,NA,NA,NA,,,Y,N,N,NA,
3,F,7,2024,11:36,JEL,1,5,100,208.4,197.4,0.6317608,9.18E+03,2.93E+02,1.24E+04,,,Y,Y,Y,NA,
3,F,7,2024,11:36,JEL,2,5,100,291.9,250.3,2.38920448,8.98E+03,4.35E+02,1.20E+04,,,Y,Y,Y,NA,
3,F,7,2024,11:36,JEL,3,5,100,241.2,224.9,0.93615464,8.72E+03,3.88E+02,1.23E+04,,,Y,Y,Y,NA,
3,F,7,2024,5:36,JEL-LT,1,5,100,249.4,166.7,4.74969256,NA,NA,NA,,,Y,Y,Y,NA,
3,F,7,2024,5:36,JEL-LT,2,5,100,166.7,222.6,-3.21049352,NA,NA,NA,,,Y,Y,Y,NA,
3,F,7,2024,5:36,JEL-LT,3,5,100,249.7,216.5,1.90676896,NA,NA,NA,,,Y,Y,Y,NA,
8,11,7,2024,14:05,HHHR2,1,5,100,35.19,24.69,0.6030444,NA,NA,NA,,,Y,N,N,NA,
8,11,7,2024,14:05,HHHR2,2,5,100,32.75,22.75,0.574328,NA,NA,NA,,,Y,N,N,NA,
8,11,7,2024,14:05,HHHR2,3,5,100,30.55,22.42,0.466928664,NA,NA,NA,,,Y,N,N,NA,
9,F,7,2024,16:25,JEL,1,5,100,312.6,294,1.06825008,NA,NA,NA,,,Y,Y,Y,NA,
9,F,7,2024,16:25,JEL,2,5,100,257.8,185.1,4.17536456,NA,NA,NA,,,Y,Y,Y,NA,
9,F,7,2024,16:25,JEL,3,5,100,226.7,197.3,1.68852432,NA,NA,NA,,,Y,Y,Y,NA,
10,11,7,2024,15:18,CML,1,5,100,193.3,136.1,3.28515616,4.84E+03,4.15E+02,1.25E+03,,,Y,Y,Y,500,
10,11,7,2024,15:18,CML,2,5,100,131.8,84.54,2.714274128,5.30E+03,3.59E+02,1.47E+03,,,Y,Y,Y,500,
10,11,7,2024,15:18,CML,3,5,100,139.6,84.11,3.186946072,4.59E+03,2.45E+02,9.63E+02,,,Y,Y,Y,500,
11,12,7,2024,5:11,JEL,1,5,100,281.5,170.2,6.39227064,8.97E+03,5.14E+02,2.07E+03,,,Y,Y,Y,NA,
11,12,7,2024,5:11,JEL,2,5,100,247.3,168,4.55442104,7.80E+03,4.85E+02,1.62E+03,,,Y,Y,Y,NA,
11,12,7,2024,5:11,JEL,3,5,100,335.4,179.3,8.96526008,8.08E+03,5.90E+02,1.87E+03,,,Y,Y,Y,NA,
15,18,7,2024,6:50,HHHR2,1,5,100,67.08,40.96,1.500144736,NA,NA,NA,,,Y,N,N,NA,
15,18,7,2024,6:50,HHHR2,2,5,100,60.76,45.33,0.886188104,NA,NA,NA,,,Y,N,N,NA,
15,18,7,2024,6:50,HHHR2,3,5,100,70.83,56.7,0.811525464,NA,NA,NA,,,Y,N,N,NA,
17,18,7,2024,8:40,CML,1,5,100,321.7,174.5,8.45410816,1.23E+03,1.89E+02,9.76E+02,,,Y,Y,Y,500,
17,18,7,2024,8:40,CML,2,5,100,278.9,166.3,6.46693328,1.33E+03,4.83E+02,7.10E+02,,,Y,Y,Y,500,
17,18,7,2024,8:40,CML,3,5,100,260.7,170.4,5.18618184,1.99E+03,9.94E+02,1.94E+03,,,Y,Y,Y,500,
18,19,7,2024,11:16,JEL,1,5,100,328,219.2,6.24868864,7.37E+03,1.10E+03,1.13E+03,,,Y,Y,Y,NA,
18,19,7,2024,11:16,JEL,2,5,100,430.4,239.4,10.9696648,7.11E+03,1.19E+03,6.72E+02,,,Y,Y,Y,NA,
18,19,7,2024,11:16,JEL,3,5,100,409.7,243.6,9.53958808,7.50E+03,1.09E+03,4.99E+02,,,Y,Y,Y,NA,
23,F,7,2024,13:30,CML,1,5,100,112.9,78.11,1.998087112,1.63E+03,1.05E+03,1.20E+03,,,Y,Y,Y,500,
23,F,7,2024,13:30,CML,2,5,100,149.7,104,2.62467896,1.66E+03,1.08E+03,1.38E+03,,,Y,Y,Y,500,
23,F,7,2024,13:30,CML,3,5,100,120.5,78.11,2.434576392,1.65E+03,1.08E+03,1.42E+03,,,Y,Y,Y,500,
25,26,7,2024,4:15,JEL,1,5,100,184.8,106.6,4.49124496,1.58E+03,1.04E+03,3.62E+02,,,Y,Y,Y,NA,
25,26,7,2024,4:15,JEL,2,5,100,187,107.9,4.54293448,1.33E+03,1.12E+03,5.24E+02,,,Y,Y,Y,NA,
25,26,7,2024,4:15,JEL,3,5,100,162.7,93.7,3.9628632,1.38E+03,9.35E+02,4.29E+02,,,Y,Y,Y,NA,
29,1,7,2024,6:32,HHHR2,1,5,100,57.35,38.22,1.098689464,NA,NA,NA,,,Y,N,N,NA,
29,1,7,2024,6:32,HHHR2,2,5,100,58.87,38.89,1.147507344,NA,NA,NA,,,Y,N,N,NA,
29,1,7,2024,6:32,HHHR2,3,5,100,53.06,38.31,0.8471338,NA,NA,NA,,,Y,N,N,NA,
1,2,8,2024,9:47,CML,1,5,100,145.5,103.6,2.40643432,2.77E+03,4.73E+02,2.15E+03,,,Y,Y,Y,500,
1,2,8,2024,9:47,CML,2,5,100,134.4,95.48,2.235284576,2.73E+03,4.63E+02,2.07E+03,,,Y,Y,Y,500,
1,2,8,2024,9:47,CML,3,5,100,139.3,96.85,2.43802236,3.19E+03,9.27E+02,2.34E+03,,,Y,Y,Y,500,
2,3,8,2024,12:20,JEL,1,5,100,489.6,413.3,4.38212264,2.44E+03,1.20E+03,3.60E+02,,,Y,Y,Y,NA,
2,3,8,2024,12:20,JEL,2,5,100,439.4,337.3,5.86388888,2.52E+03,7.49E+02,3.22E+02,,,Y,Y,Y,NA,
2,3,8,2024,12:20,JEL,3,5,100,311.7,181,7.50646696,2.41E+03,9.95E+02,2.46E+02,,,Y,Y,Y,NA,
5,8,8,2024,13:00,HHHR2,1,5,100,213.1,151.5,3.53786048,NA,NA,NA,,,Y,N,N,NA,
5,8,8,2024,13:00,HHHR2,2,5,100,203.8,146.1,3.31387256,NA,NA,NA,,,Y,N,N,NA,
5,8,8,2024,13:00,HHHR2,3,5,100,215.6,156.1,3.4172516,NA,NA,NA,,,Y,N,N,NA,
7,8,8,2024,14:01,CML,1,5,100,92.17,65.16,1.551259928,4.49E+03,9.12E+02,6.55E+02,,,Y,Y,Y,500,
7,8,8,2024,14:01,CML,2,5,100,97.36,68.24,1.672443136,5.35E+03,1.05E+03,1.05E+03,,,Y,Y,Y,500,
7,8,8,2024,14:01,CML,3,5,100,96.4,68.57,1.598354824,5.47E+03,8.55E+02,1.15E+03,,,Y,Y,Y,500,
7,8,8,2024,15:52,JEL,1,5,100,232.8,162.7,4.02603928,7.84E+03,1.51E+03,2.28E+03,,,Y,Y,Y,NA,
7,8,8,2024,15:52,JEL,2,5,100,253,175.2,4.46827184,4.21E+03,9.79E+02,1.13E+03,,,Y,Y,Y,NA,
7,8,8,2024,15:52,JEL,3,5,100,276,196.1,4.58888072,8.54E+03,1.67E+03,2.89E+03,,,Y,Y,Y,NA,
7,8,8,2024,9:52,JEL-LT,1,5,100,312.5,219.2,5.35848024,NA,NA,NA,,,Y,Y,Y,NA,
7,8,8,2024,9:52,JEL-LT,2,5,100,304.7,214.9,5.15746544,NA,NA,NA,,,Y,Y,Y,NA,
7,8,8,2024,9:52,JEL-LT,3,5,100,306.7,209.8,5.56523832,NA,NA,NA,,,Y,Y,Y,NA,
14,15,8,2024,8:40,JEL,1,5,100,340.1,211.4,7.39160136,6.22E+03,1.33E+03,3.82E+02,,,Y,Y,Y,NA,
14,15,8,2024,8:40,JEL,2,5,100,358.7,233.7,7.1791,6.76E+03,1.18E+03,3.53E+02,,,Y,Y,Y,NA,
14,15,8,2024,8:40,JEL,3,5,100,281,192.6,5.07705952,6.83E+03,9.83E+02,4.20E+02,,,Y,Y,Y,NA,
15,F,8,2024,8:04,CML,1,5,100,147.9,100.1,2.74528784,5.94E+03,8.06E+02,9.19E+02,,,Y,Y,Y,NA,No DNA Taken
15,F,8,2024,8:04,CML,2,5,100,131.8,91.77,2.299034984,5.92E+03,5.98E+02,4.65E+02,,,Y,Y,Y,NA,No DNA Taken
15,F,8,2024,8:04,CML,3,5,100,142.3,94.77,2.729780984,5.73E+03,9.10E+02,5.03E+02,,,Y,Y,Y,NA,No DNA Taken
20,F,8,2024,12:16,CML,1,5,100,138.6,96.87,2.396670744,1.58E+03,6.35E+02,2.75E+02,,,Y,Y,Y,500,
20,F,8,2024,12:16,CML,2,5,100,138.9,98.85,2.30018364,1.77E+03,6.63E+02,2.94E+02,,,Y,Y,Y,500,
20,F,8,2024,12:16,CML,3,5,100,138.4,92.46,2.638462832,1.69E+03,6.35E+02,1.61E+02,,,Y,Y,Y,500,
20,21,8,2024,14:02,JEL,1,5,100,224.5,144.4,4.60036728,1.62E+04,9.40E+02,2.11E+02,,,Y,Y,Y,NA,
20,21,8,2024,14:02,JEL,2,5,100,279.1,168,6.38078408,1.36E+04,7.08E+02,1.24E+02,,,Y,Y,Y,NA,
20,21,8,2024,14:02,JEL,3,5,100,267.3,178.7,5.08854608,1.50E+04,8.06E+02,1.82E+02,,,Y,Y,Y,NA,
26,27,8,2024,6:51,JEL,1,5,100,214.4,139.5,4.30171672,4.89E+03,6.47E+02,2.57E+02,,,Y,Y,Y,NA,Nutrients discontinued
26,27,8,2024,6:51,JEL,2,5,100,197,130.1,3.84225432,4.78E+03,6.09E+02,2.09E+02,,,Y,Y,Y,NA,
26,27,8,2024,6:51,JEL,3,5,100,209.7,137.5,4.14664816,4.61E+03,7.61E+02,1.90E+02,,,Y,Y,Y,NA,
30,31,8,2024,9:32,CML,1,5,100,64.92,46.1,1.080885296,1.55E+03,4.91E+02,3.02E+02,,,Y,Y,,500,+24 HR
30,31,8,2024,9:32,CML,2,5,100,67.92,46.65,1.221595656,1.36E+03,4.06E+02,4.15E+02,,,Y,Y,,500,+24 HR
30,31,8,2024,9:32,CML,3,5,100,63.06,44.58,1.061358144,1.71E+03,6.14E+02,5.48E+02,,,Y,Y,,500,+24 HR
4,6,9,2024,12:50,CML,1,5,100,94.56,66.38,1.618456304,3.92E+03,8.89E+02,4.54E+02,,,Y,Y,,500,+24 HR
4,6,9,2024,12:50,CML,2,5,100,113.4,65.75,2.73667292,4.54E+03,8.61E+02,5.58E+02,,,Y,Y,,500,+24 HR
4,6,9,2024,12:50,CML,3,5,100,98.1,65.47,1.874032264,4.34E+03,7.38E+02,3.78E+02,,,Y,Y,,500,+24 HR
5,7,9,2024,15:15,JEL,1,5,100,361.2,206.4,8.89059744,4.62E+03,1.32E+03,1.42E+02,,,Y,Y,,NA,
5,7,9,2024,15:15,JEL,2,5,100,352.3,200.8,8.7010692,4.32E+03,1.14E+03,1.33E+02,,,Y,Y,,NA,
5,7,9,2024,15:15,JEL,3,5,100,425,309.7,6.62200184,4.67E+03,1.13E+03,1.61E+02,,,Y,Y,,NA,
9,11,9,2024,15:57,HHHR2,1,5,100,286.7,194.7,5.2838176,NA,NA,NA,,,Y,N,,NA,
9,11,9,2024,15:57,HHHR2,2,5,100,413,282.5,7.4949804,NA,NA,NA,,,Y,N,,NA,
9,11,9,2024,15:57,HHHR2,3,5,100,382.3,303.85,4.50560316,NA,NA,NA,,,Y,N,,NA,
10,11,9,2024,16:45,CML,1,5,100,109.8,77.81,1.837275272,6.23E+02,1.98E+02,1.32E+02,,,Y,Y,,500,
10,11,9,2024,16:45,CML,2,5,100,96.08,59.85,2.080790344,6.89E+02,1.98E+02,1.51E+02,,,Y,Y,,500,
10,11,9,2024,16:45,CML,3,5,100,112,78.95,1.89815404,9.25E+02,4.62E+02,2.64E+02,,,Y,Y,,500,
11,12,9,2024,7:05,JEL,1,5,100,144.6,88.15,3.24208156,7.44E+03,8.34E+02,1.82E+02,,,Y,Y,,NA,
11,12,9,2024,7:05,JEL,2,5,100,139.8,92.84,2.697044288,7.79E+03,6.61E+02,1.53E+02,,,Y,Y,,NA,
11,12,9,2024,7:05,JEL,3,5,100,157.5,105.3,2.99799216,8.76E+03,6.24E+02,1.25E+02,,,Y,Y,,NA,
17,19,9,2024,11:07,HHHR2,1,5,100,297.1,203,5.40442648,NA,NA,NA,,,Y,N,,NA,
17,19,9,2024,11:07,HHHR2,2,5,100,306.5,207,5.7145636,NA,NA,NA,,,Y,N,,NA,
17,19,9,2024,11:07,HHHR2,3,5,100,318.2,220.2,5.6284144,NA,NA,NA,,,Y,N,,NA,
19,20,9,2024,12:34,CML,1,5,100,169.6,109.9,3.42873816,1.07E+03,4.91E+02,8.51E+01,,,Y,Y,,500,
19,20,9,2024,12:34,CML,2,5,100,131.6,87.03,2.559779896,1.25E+03,3.69E+02,2.17E+02,,,Y,Y,,500,
19,20,9,2024,12:34,CML,3,5,100,183.9,148,2.06183752,1.23E+03,3.69E+02,1.70E+02,,,Y,Y,,500,
19,20,9,2024,14:20,JEL,1,5,100,251.5,167.9,4.80138208,5.71E+03,8.21E+02,1.72E+02,,,Y,Y,,NA,
19,20,9,2024,14:20,JEL,2,5,100,256.9,175.5,4.67502992,5.15E+03,8.01E+02,8.59E+01,,,Y,Y,,NA,
19,20,9,2024,14:20,JEL,3,5,100,241.5,143.3,5.63990096,5.86E+03,7.35E+02,1.15E+02,,,Y,Y,,NA,
24,26,9,2024,4:56,HHHR2,1,5,100,257.1,188.2,3.95711992,NA,NA,NA,,,Y,N,,NA,
24,26,9,2024,4:56,HHHR2,2,5,100,249.6,183.4,3.80205136,NA,NA,NA,,,Y,N,,NA,
24,26,9,2024,4:56,HHHR2,3,5,100,257.8,183,4.29597344,NA,NA,NA,,,Y,N,,NA,
25,26,9,2024,18:20,CML,1,5,100,223.2,153.6,3.99732288,2.29E+03,4.27E+02,1.23E+02,,,Y,Y,,500,
25,26,9,2024,18:20,CML,2,5,100,198.8,137.1,3.54360376,2.59E+03,4.46E+02,1.23E+02,,,Y,Y,,500,
25,26,9,2024,18:20,CML,3,5,100,214.2,138.6,4.34191968,2.94E+03,5.88E+02,5.98E+02,,,Y,Y,,500,
26,27,9,2024,8:47,JEL,1,5,100,169.2,108.4,3.49191424,7.57E+03,4.94E+02,1.33E+02,,,Y,Y,,NA,
26,27,9,2024,8:47,JEL,2,5,100,166.5,101.3,3.74461856,6.37E+03,6.08E+02,1.24E+02,,,Y,Y,,NA,
26,27,9,2024,8:47,JEL,3,5,100,176.3,98.71,4.456210952,7.79E+03,8.09E+02,2.28E+02,,,Y,Y,,NA,
30,3,9,2024,10:49,HHHR2,1,5,100,380.3,254,7.25376264,NA,NA,NA,,,Y,N,,NA,
30,3,9,2024,10:49,HHHR2,2,5,100,387.7,253,7.73619816,NA,NA,NA,,,Y,N,,NA,
30,3,9,2024,10:49,HHHR2,3,5,100,370.1,248.4,6.98957176,NA,NA,NA,,,Y,N,,NA,
4,5,10,2024,12:45,CML,1,5,100,229.5,144.3,4.89327456,1.88E+03,1.51E+02,4.53E+03,,,Y,Y,,500,
4,5,10,2024,12:45,CML,2,5,100,261.9,156.5,6.05341712,9.91E+02,8.50E+01,2.09E+03,,,Y,Y,,500,
4,5,10,2024,12:45,CML,3,5,100,214.6,113.9,5.78348296,2.69E+03,2.08E+02,6.55E+03,,,Y,Y,,500,
4,5,10,2024,14:39,JEL,1,5,100,108.7,60.58,2.763666336,9.26E+02,2.27E+02,1.78E+03,,,Y,Y,,NA,
4,5,10,2024,14:39,JEL,2,5,100,76.71,53.44,1.336461256,9.73E+02,3.02E+02,1.56E+03,,,Y,Y,,NA,
4,5,10,2024,14:39,JEL,3,5,100,98.98,61.57,2.148561048,7.84E+02,2.83E+02,1.18E+03,,,Y,Y,,NA,
8,10,10,2024,15:21,HHHR2,1,5,100,176.1,129.6,2.6706252,NA,NA,NA,,,Y,N,,NA,
8,10,10,2024,15:21,HHHR2,2,5,100,170,124.8,2.59596256,NA,NA,NA,,,Y,N,,NA,
8,10,10,2024,15:21,HHHR2,3,5,100,169.7,120.5,2.82569376,NA,NA,NA,,,Y,N,,NA,
9,10,10,2024,16:14,CML,1,5,100,77.18,53.51,1.359434376,1.05E+03,2.93E+02,1.45E+03,,,Y,Y,,500,
9,10,10,2024,16:14,CML,2,5,100,78.91,55.07,1.369197952,1.13E+03,3.40E+02,1.46E+03,,,Y,Y,,500,
9,10,10,2024,16:14,CML,3,5,100,77.34,53.79,1.35254244,1.15E+03,3.87E+02,1.37E+03,,,Y,Y,,500,
9,10,10,2024,17:48,JEL,1,5,100,138,96.33,2.393224776,8.69E+02,3.02E+02,1.34E+03,,,Y,Y,,NA,
9,10,10,2024,17:48,JEL,2,5,100,135.2,95.76,2.265149632,7.93E+02,3.12E+02,1.08E+03,,,Y,Y,,NA,
9,10,10,2024,17:48,JEL,3,5,100,141.3,93.39,2.751605448,8.97E+02,4.53E+02,1.24E+03,,,Y,Y,,NA,
14,17,10,2024,8:59,HHHR2,1,5,100,278.4,157.7,6.93213896,NA,NA,NA,,,Y,N,,NA,
14,17,10,2024,8:59,HHHR2,2,5,100,226.3,153.6,4.17536456,NA,NA,NA,,,Y,N,,NA,
14,17,10,2024,8:59,HHHR2,3,5,100,230.9,154.8,4.37063608,NA,NA,NA,,,Y,N,,NA,
16,17,10,2024,10:31,CML,1,5,100,55.98,40.7,0.877573184,4.72E+02,2.27E+02,6.14E+02,,,Y,Y,,500,
16,17,10,2024,10:31,CML,2,5,100,62.71,45.88,0.966594024,3.49E+02,1.60E+02,4.53E+02,,,Y,Y,,500,
16,17,10,2024,10:31,CML,3,5,100,61.49,44.34,0.98497252,5.95E+02,2.93E+02,9.25E+02,,,Y,Y,,500,
16,17,10,2024,12:17,JEL,1,5,100,117,81.36,2.046904992,6.80E+02,1.89E+02,1.29E+03,,,Y,Y,,NA,
16,17,10,2024,12:17,JEL,2,5,100,100.8,73.55,1.5650438,8.03E+02,3.87E+02,1.22E+03,,,Y,Y,,NA,
16,17,10,2024,12:17,JEL,3,5,100,100.4,73.5,1.54494232,7.28E+02,1.98E+02,1.29E+03,,,Y,Y,,NA,
21,24,10,2024,14:46,HHHR2,1,5,100,153.8,113.9,2.29156872,NA,NA,NA,,,Y,N,,NA,
21,24,10,2024,14:46,HHHR2,2,5,100,155,111.6,2.49258352,NA,NA,NA,,,Y,N,,NA,
21,24,10,2024,14:46,HHHR2,3,5,100,161.9,117.5,2.55001632,NA,NA,NA,,,Y,N,,NA,
23,24,10,2024,16:51,CML,1,5,100,93.7,64.78,1.660956576,5.76E+02,1.70E+02,8.87E+02,,,Y,Y,,500,
23,24,10,2024,16:51,CML,2,5,100,93.09,64.89,1.61960496,5.57E+02,2.08E+02,8.31E+02,,,Y,Y,,500,
23,24,10,2024,16:51,CML,3,5,100,94.58,66.09,1.636260472,6.23E+02,2.83E+02,7.65E+02,,,Y,Y,,500,
23,24,10,2024,18:25,JEL,1,5,100,135.5,98.32,2.135351504,8.60E+02,2.83E+02,8.88E+02,5464,1443.41,Y,Y,,NA,
23,24,10,2024,18:25,JEL,2,5,100,137,96.62,2.319136464,7.37E+02,2.93E+02,9.07E+02,5857,1547.22,Y,Y,,NA,
23,24,10,2024,18:25,JEL,3,5,100,136,95.46,2.328325712,8.03E+02,2.83E+02,8.78E+02,5994,1719.63,Y,Y,,NA,
29,31,10,2024,10:10,HHHR2,1,5,100,261.4,177.6,4.81286864,NA,NA,NA,,,Y,N,,NA,
29,31,10,2024,10:10,HHHR2,2,5,100,250.4,164.9,4.9105044,NA,NA,NA,,,Y,N,,NA,
29,31,10,2024,10:10,HHHR2,3,5,100,241.2,159.5,4.69225976,NA,NA,NA,,,Y,N,,NA,
30,31,10,2024,10:32,CML,1,5,100,89.61,63.78,1.483489224,4.15E+02,2.08E+02,4.81E+02,,,Y,Y,,500,
30,31,10,2024,10:32,CML,2,5,100,99.79,71.69,1.61386168,2.64E+02,5.66E+01,2.83E+02,,,Y,Y,,500,
30,31,10,2024,10:32,CML,3,5,100,98.52,69.05,1.692544616,6.42E+02,2.55E+02,8.02E+02,,,Y,Y,,500,
30,31,10,2024,12:59,JEL,1,5,100,155.5,108.3,2.71082816,8.40E+02,2.27E+02,9.07E+02,,,Y,Y,,NA,
30,31,10,2024,12:59,JEL,2,5,100,159,104.4,3.13583088,8.59E+02,3.31E+02,9.25E+02,,,Y,Y,,NA,
30,31,10,2024,12:59,JEL,3,5,100,149.8,106.1,2.50981336,8.40E+02,1.98E+02,9.07E+02,,,Y,Y,,NA,
5,7,11,2024,13:12,HHHR2,1,5,100,279.4,187.9,5.2551012,NA,NA,NA,,,Y,N,,NA,
5,7,11,2024,13:12,HHHR2,2,5,100,300.2,173.8,7.25950592,NA,NA,NA,,,Y,N,,NA,
5,7,11,2024,13:12,HHHR2,3,5,100,281.2,187.8,5.36422352,NA,NA,NA,,,Y,N,,NA,
6,7,11,2024,13:56,CML,1,5,100,56.03,40.94,0.866660952,4.07E+02,2.46E+02,5.39E+02,,,Y,Y,,500,
6,7,11,2024,13:56,CML,2,5,100,44.93,30.91,0.805207856,3.69E+02,2.18E+02,4.92E+02,,,Y,Y,,500,
6,7,11,2024,13:56,CML,3,5,100,47.12,32.76,0.824735008,4.35E+02,3.21E+02,5.20E+02,,,Y,Y,,500,
6,7,11,2024,15:34,JEL,1,5,100,123.3,84.44,2.231838608,3.97E+02,2.17E+02,4.34E+02,,,Y,Y,,NA,
6,7,11,2024,15:34,JEL,2,5,100,114.3,78.15,2.07619572,4.72E+02,2.64E+02,5.76E+02,,,Y,Y,,NA,
6,7,11,2024,15:34,JEL,3,5,100,NA,89.35,,4.34E+02,2.55E+02,3.68E+02,,,Y,Y,,NA,Value not documented.
13,14,11,2024,8:24,HHHR2,1,5,100,323.1,208.4,6.58754216,NA,NA,NA,,,Y,N,,NA,
13,14,11,2024,8:24,HHHR2,2,5,100,364.5,196.8,9.63148056,NA,NA,NA,,,Y,N,,NA,
13,14,11,2024,8:24,HHHR2,3,5,100,336.8,209.1,7.33416856,NA,NA,NA,,,Y,N,,NA,
14,15,11,2024,9:06,CML,1,5,100,140.1,97.9,2.42366416,3.30E+02,1.23E+02,4.63E+02,,,Y,Y,,500,
14,15,11,2024,9:06,CML,2,5,100,135.7,102.1,1.92974208,3.02E+02,1.23E+02,5.00E+02,,,Y,Y,,500,
14,15,11,2024,9:06,CML,3,5,100,133.6,90.47,2.477076664,5.57E+02,1.42E+02,8.12E+02,,,Y,Y,,500,
14,15,11,2024,10:52,JEL,1,5,100,146.4,101.1,2.60170584,8.97E+02,1.89E+02,9.54E+02,,,Y,Y,,NA,
14,15,11,2024,10:52,JEL,2,5,100,159.2,102,3.28515616,6.99E+02,2.46E+02,6.23E+02,,,Y,Y,,NA,
14,15,11,2024,10:52,JEL,3,5,100,158.3,98.96,3.408062352,5.67E+02,1.89E+02,7.18E+02,,,Y,Y,,NA,
18,21,11,2024,12:33,Hamp-SD,1,5,100,406.4,278.4,7.3513984,NA,NA,NA,,,Y,N,,NA,
18,21,11,2024,12:33,Hamp-SD,2,5,100,414.5,275.6,7.97741592,NA,NA,NA,,,Y,N,,NA,
18,21,11,2024,12:33,Hamp-SD,3,5,100,411.1,279.1,7.5811296,NA,NA,NA,,,Y,N,,NA,
21,22,11,2024,15:24,CML,1,5,100,114.6,82.39,1.849910488,1.42E+02,1.23E+02,1.89E+02,,,Y,Y,,500,
21,22,11,2024,15:24,CML,2,5,100,112.5,79.68,1.884944496,2.17E+02,1.04E+02,2.36E+02,,,Y,Y,,500,
21,22,11,2024,15:24,CML,3,5,100,113.9,80.96,1.891836432,2.93E+02,2.64E+02,4.53E+02,,,Y,Y,,500,
21,22,11,2024,16:57,JEL,1,5,100,339.6,230.6,6.2601752,6.33E+02,1.70E+02,4.25E+02,,,Y,Y,,NA,
21,22,11,2024,16:57,JEL,2,5,100,328.4,222.9,6.0591604,6.05E+02,1.80E+02,4.06E+02,,,Y,Y,,NA,
21,22,11,2024,16:57,JEL,3,5,100,342.5,229.6,6.48416312,6.05E+02,2.27E+02,3.50E+02,,,Y,Y,,NA,
25,28,11,2024,6:57,Hamp-SD,1,5,100,176.5,125.6,2.92332952,NA,NA,NA,,,Y,N,,NA,
25,28,11,2024,6:57,Hamp-SD,2,5,100,173.5,117.9,3.19326368,NA,NA,NA,,,Y,N,,NA,
25,28,11,2024,6:57,Hamp-SD,3,5,100,182,114.9,3.85374088,NA,NA,NA,,,Y,N,,NA,
27,28,11,2024,8:41,CML,1,5,100,63.56,44.61,1.08835156,3.97E+02,1.13E+02,5.19E+02,,,Y,Y,,500,
27,28,11,2024,8:41,CML,2,5,100,60.41,42.77,1.013114592,3.49E+02,1.32E+02,3.68E+02,,,Y,Y,,500,
27,28,11,2024,8:41,CML,3,5,100,60.35,42.52,1.024026824,3.97E+02,2.36E+02,3.49E+02,,,Y,Y,,500,
27,28,11,2024,10:46,JEL,1,5,100,290.5,197.4,5.34699368,3.40E+02,1.13E+02,3.59E+02,,,Y,Y,,NA,
27,28,11,2024,10:46,JEL,2,5,100,303.5,193.6,6.31186472,5.10E+02,1.51E+02,2.55E+02,,,Y,Y,,NA,
27,28,11,2024,10:46,JEL,3,5,100,286.2,194.9,5.24361464,3.12E+02,2.46E+02,3.12E+02,,,Y,Y,,NA,
13,F,12,2024,8:46,CML,1,5,100,138.5,99.31,2.250791432,3.88E+02,2.27E+02,3.69E+02,,,Y,Y,,500,
13,F,12,2024,8:46,CML,2,5,100,144.9,103.2,2.39494776,3.02E+02,6.62E+01,3.31E+02,,,Y,Y,,500,
13,F,12,2024,8:46,CML,3,5,100,139.5,99.15,2.31741348,3.12E+02,1.04E+02,3.69E+02,,,Y,Y,,500,
18,19,12,2024,13:07,Hamp-SP,1,5,100,93.23,66.24,1.550111272,NA,NA,NA,,,Y,N,,NA,
18,19,12,2024,13:07,Hamp-SP,2,5,100,103,71.74,1.795349328,NA,NA,NA,,,Y,N,,NA,
18,19,12,2024,13:07,Hamp-SP,3,5,100,102.6,72.8,1.71149744,NA,NA,NA,,,Y,N,,NA,
3,18,12,2024,12:13,Hamp-SP,1,5,100,103.2,81.49,1.246866088,NA,NA,NA,,,Y,N,,NA,
3,18,12,2024,12:13,Hamp-SP,2,5,100,111,75.63,2.031398136,NA,NA,NA,,,Y,N,,NA,
3,18,12,2024,12:13,Hamp-SP,3,5,100,109.5,75.24,1.967647728,NA,NA,NA,,,Y,N,,NA,
5,18,12,2024,13:39,CML,1,5,100,70.96,44.58,1.515077264,1.70E+02,6.61E+01,1.89E+02,,,Y,Y,,500,
5,18,12,2024,13:39,CML,2,5,100,70.14,40.43,1.706328488,2.36E+02,8.50E+01,2.36E+02,,,Y,Y,,500,
5,18,12,2024,13:39,CML,3,5,100,70.69,45.14,1.46740804,3.31E+02,1.89E+02,3.50E+02,,,Y,Y,,500,
5,18,12,2024,15:17,JEL,1,5,100,324.7,209.9,6.59328544,3.02E+02,1.70E+02,3.59E+02,,,Y,Y,,NA,
5,18,12,2024,15:17,JEL,2,5,100,335.4,224.2,6.38652736,2.17E+02,2.27E+02,2.46E+02,,,Y,Y,,NA,
5,18,12,2024,15:17,JEL,3,5,100,330.2,248.1,4.71523288,2.27E+02,2.17E+02,2.17E+02,,,Y,Y,,NA,
19,20,12,2024,13:58,CML,1,5,100,109.3,76.52,1.882647184,1.13E+02,1.13E+02,1.23E+02,,,Y,Y,,500,
19,20,12,2024,13:58,CML,2,5,100,106.5,74.01,1.865991672,1.80E+02,8.52E+01,1.80E+02,,,Y,Y,,500,
19,20,12,2024,13:58,CML,3,5,100,105.7,72.13,1.928019096,2.08E+02,1.70E+02,2.27E+02,,,Y,Y,,500,
19,20,12,2024,15:34,JEL,1,5,100,821,501.9,18.32680648,4.45E+02,1.99E+02,2.08E+02,,,Y,Y,,NA,
19,20,12,2024,15:34,JEL,2,5,100,749.1,484.3,15.20820544,3.69E+02,1.89E+02,1.99E+02,,,Y,Y,,NA,
19,20,12,2024,15:34,JEL,3,5,100,759.1,495.5,15.13928608,5.21E+02,2.65E+02,2.18E+02,,,Y,Y,,NA,
27,27,12,2024,,Hamp-SP,,,,,NO SAMPLE TAKEN THIS WEEK ,,,,,,,,,,,
27,28,12,2024,8:12,CML,1,5,100,96.02,66.61,1.689098648,1.61E+02,6.63E+01,6.63E+01,,,Y,Y,,500,
27,28,12,2024,8:12,CML,2,5,100,96.19,66.42,1.709774456,7.57E+01,2.84E+01,9.46E+00,,,Y,Y,,500,
27,28,12,2024,8:12,CML,3,5,100,97.46,67.61,1.71436908,1.80E+02,3.78E+01,1.14E+02,,,Y,Y,,500,
27,28,12,2024,10:05,JEL,1,5,100,931.6,580.6,20.1589128,1.90E+02,1.23E+02,9.48E+01,,,Y,Y,,NA,
27,28,12,2024,10:05,JEL,2,5,100,983.6,622.1,20.7619572,1.71E+02,1.90E+02,6.63E+01,,,Y,Y,,NA,
27,28,12,2024,10:05,JEL,3,5,100,983.8,610.5,21.43966424,1.90E+02,1.71E+02,7.58E+01,,,Y,Y,,NA,
2,3,1,2025,12:32,CML,1,5,100,239.5,162,4.451042,1.80E+02,1.14E+02,6.62E+01,,,Y,Y,500,,
2,3,1,2025,12:32,CML,2,5,100,242.1,153.5,5.08854608,1.14E+02,5.68E+01,3.78E+01,,,Y,Y,500,,
2,3,1,2025,12:32,CML,3,5,100,241.5,159.3,4.72097616,2.27E+02,1.89E+02,1.04E+02,,,Y,Y,500,,
2,3,1,2025,14:16,JEL,1,5,100,1245,770.3,27.26335016,1.27E+03,1.35E+03,2.09E+02,,,Y,Y,NA,,
2,3,1,2025,14:16,JEL,2,5,100,1306,834.1,27.10253832,1.24E+03,1.25E+03,1.71E+02,,,Y,Y,NA,,
2,3,1,2025,14:16,JEL,3,5,100,1298,816,27.6826096,1.02E+03,1.12E+03,1.04E+02,,,Y,Y,NA,,
6,10,1,2025,3:41,Hamp-SP,1,5,100,108.9,72.26,2.104337792,NA,NA,NA,,,Y,N,NA,+24 hrs,
6,10,1,2025,3:41,Hamp-SP,2,5,100,108.2,74.69,1.924573128,NA,NA,NA,,,Y,N,NA,+24 hrs,
6,10,1,2025,3:41,Hamp-SP,3,5,100,102.3,71.83,1.749977416,NA,NA,NA,,,Y,N,NA,+24 hrs,
10,11,1,2025,7:31,CML,1,5,100,195.1,129,3.79630808,3.03E+02,1.70E+02,1.04E+02,,,Y,Y,500,,
10,11,1,2025,7:31,CML,2,5,100,213.2,140.5,4.17536456,4.92E+02,1.61E+02,5.67E+01,,,Y,Y,500,,
10,11,1,2025,7:31,CML,3,5,100,208.5,144.7,3.66421264,2.93E+02,7.57E+01,9.46E+01,,,Y,Y,500,,
10,11,1,2025,9:15,JEL,1,5,100,776,514.5,15.0186772,5.68E+02,5.68E+02,1.61E+02,,,Y,Y,NA,,
10,11,1,2025,9:15,JEL,2,5,100,822,538.5,16.2821988,6.73E+02,4.55E+02,9.47E+01,,,Y,Y,NA,,
10,11,1,2025,9:15,JEL,3,5,100,858.9,556.7,17.35619216,6.73E+02,4.83E+02,1.42E+02,,,Y,Y,NA,,
14,16,1,2025,11:17,Hamp-SP,1,5,100,171.5,110.1,3.52637392,NA,NA,NA,,,Y,N,NA,,
14,16,1,2025,11:17,Hamp-SP,2,5,100,177.1,122.2,3.15306072,NA,NA,NA,,,Y,N,NA,,
14,16,1,2025,11:17,Hamp-SP,3,5,100,159.7,108.5,2.94055936,NA,NA,NA,,,Y,N,NA,,
16,17,1,2025,12:43,CML,1,5,100,179.4,115.2,3.68718576,2.70E+03,1.81E+02,4.77E+03,,,Y,Y,500,,
16,17,1,2025,12:43,CML,2,5,100,179.1,110,3.96860648,3.08E+03,1.90E+02,5.23E+03,,,Y,Y,500,,
16,17,1,2025,12:43,CML,3,5,100,172.8,107.9,3.72738872,5.50E+03,2.18E+02,1.16E+04,,,Y,Y,500,,
16,17,1,2025,14:46,JEL,1,5,100,967,601.6,20.98594512,2.82E+03,4.84E+02,3.78E+03,,,Y,Y,NA,,
16,17,1,2025,14:46,JEL,2,5,100,947,598.5,20.0153308,1.81E+03,3.70E+02,1.58E+03,,,Y,Y,NA,,
16,17,1,2025,14:46,JEL,3,5,100,992.3,590.8,23.0592692,2.33E+03,5.32E+02,1.39E+03,,,Y,Y,NA,,
22,24,1,2025,5:03,Hamp-SP,1,5,100,118.8,78.92,2.290420064,NA,NA,NA,,,Y,N,NA,,
22,24,1,2025,5:03,Hamp-SP,2,5,100,104.1,70.85,1.9096406,NA,NA,NA,,,Y,N,NA,,
22,24,1,2025,5:03,Hamp-SP,3,5,100,114.3,76.63,2.163493576,NA,NA,NA,,,Y,N,NA,,
24,25,1,2025,6:43,CML,1,5,100,202.6,137.4,3.74461856,1.14E+03,2.01E+02,1.35E+03,,,Y,Y,500,,
24,25,1,2025,6:43,CML,2,5,100,201.5,133.3,3.91691696,1.01E+03,1.62E+02,1.27E+03,,,Y,Y,500,,
24,25,1,2025,6:43,CML,3,5,100,193.3,131,3.57806344,1.16E+03,2.58E+02,1.15E+03,,,Y,Y,500,,
24,25,1,2025,8:28,JEL,1,5,100,1035,655,21.824464,1.59E+03,4.75E+02,1.12E+03,,,Y,Y,NA,,
24,25,1,2025,8:28,JEL,2,5,100,985.3,625.8,20.6470916,2.22E+03,6.56E+02,1.05E+03,,,Y,Y,NA,,
24,25,1,2025,8:28,JEL,3,5,100,976.1,632.4,19.73965336,1.36E+03,4.46E+02,7.50E+02,,,Y,Y,NA,,
27,30,1,2025,9:24,Hamp-SP,1,5,100,182.9,118,3.72738872,NA,NA,NA,,,Y,N,NA,,
27,30,1,2025,9:24,Hamp-SP,2,5,100,193.2,125.6,3.88245728,NA,NA,NA,,,Y,N,NA,,
27,30,1,2025,9:24,Hamp-SP,3,5,100,136.2,90.33,2.634442536,NA,NA,NA,,,Y,N,NA,,
30,31,1,2025,11:29,CML,1,5,100,200.6,134.2,3.81353792,6.84E+02,1.14E+02,4.65E+02,,,Y,Y,500,,
30,31,1,2025,11:29,CML,2,5,100,197.4,132.9,3.7044156,1.81E+03,2.28E+02,7.88E+02,,,Y,Y,500,,
30,31,1,2025,11:29,CML,3,5,100,214,135.7,4.49698824,1.07E+03,1.80E+02,1.20E+03,,,Y,Y,500,,
30,31,1,2025,13:14,JEL,1,5,100,882,562.3,18.36126616,1.50E+03,5.81E+02,9.62E+02,,,Y,Y,NA,,
30,31,1,2025,13:14,JEL,2,5,100,870,563.1,17.62612632,1.54E+03,5.81E+02,1.05E+03,,,Y,Y,NA,,
30,31,1,2025,13:14,JEL,3,5,100,892.2,576.3,18.14302152,1.53E+03,7.05E+02,8.77E+02,,,Y,Y,NA,,
3,5,2,2025,14:47,Hamp-SP,1,5,100,138.2,88.49,2.854984488,NA,NA,NA,,,Y,N,NA,,
3,5,2,2025,14:47,Hamp-SP,2,5,100,123.7,86.66,2.127310912,NA,NA,NA,,,Y,N,NA,,
3,5,2,2025,14:47,Hamp-SP,3,5,100,114.7,78.56,2.075621392,NA,NA,NA,,,Y,N,NA,,
4,5,2,2025,17:23,JEL,1,5,100,1018,674.2,19.74539664,4.67E+03,7.41E+02,1.28E+03,,,Y,Y,NA,,
4,5,2,2025,17:23,JEL,2,5,100,1002,635.1,21.07209432,5.13E+03,8.08E+02,1.56E+03,,,Y,Y,NA,,
4,5,2,2025,17:23,JEL,3,5,100,1000,621.3,21.74980136,6.26E+03,1.06E+03,1.69E+03,,,Y,Y,NA,,
5,6,2,2025,16:42,CML,1,5,100,252.3,168.7,4.80138208,8.30E+03,4.10E+02,2.69E+03,,,Y,Y,500,,
5,6,2,2025,16:42,CML,2,5,100,272.9,160.7,6.44396016,6.43E+03,4.00E+02,1.42E+03,,,Y,Y,500,,
5,6,2,2025,16:42,CML,3,5,100,241.9,161.8,4.60036728,7.40E+03,4.67E+02,2.48E+03,,,Y,Y,500,,
12,13,2,2025,11:01,CML,1,5,100,192.8,131.1,3.54360376,2.48E+03,1.24E+02,4.48E+02,,,Y,Y,500,+24 hrs,
12,13,2,2025,11:01,CML,2,5,100,213.2,124.6,5.08854608,2.55E+03,1.24E+02,5.53E+02,,,Y,Y,500,+24 hrs,
12,13,2,2025,11:01,CML,3,5,100,202,136.9,3.73887528,3.16E+03,1.53E+02,8.87E+02,,,Y,Y,500,+24 hrs,
12,13,2,2025,12:44,JEL,1,5,100,798.5,512.3,16.43726736,1.94E+03,2.30E+02,7.58E+02,,,Y,Y,NA,+24 hrs,
12,13,2,2025,12:44,JEL,2,5,100,796.5,490.9,17.55146368,1.80E+03,2.88E+02,7.77E+02,,,Y,Y,NA,+24 hrs,
12,13,2,2025,12:44,JEL,3,5,100,782.2,505.8,15.87442592,1.66E+03,2.50E+02,6.24E+02,,,Y,Y,NA,+24 hrs,
19,20,2,2025,15:48,CML,1,5,100,147.5,99.57,2.752754104,5.25E+03,3.70E+02,8.62E+02,,,Y,Y,500,,
19,20,2,2025,15:48,CML,2,5,100,152.3,102.9,2.83718032,5.22E+03,3.51E+02,9.29E+02,,,Y,Y,500,,
19,20,2,2025,15:48,CML,3,5,100,150.8,103.9,2.69359832,5.07E+03,4.08E+02,1.12E+03,,,Y,Y,500,,
19,20,2,2025,17:34,JEL,1,5,100,841.2,541.8,17.19538032,3.29E+03,1.55E+03,1.16E+03,,,Y,Y,NA,,
19,20,2,2025,17:34,JEL,2,5,100,838.9,534.9,17.4595712,2.98E+03,1.74E+03,8.09E+02,,,Y,Y,NA,,
19,20,2,2025,17:34,JEL,3,5,100,814.9,528.3,16.46024048,3.18E+03,1.80E+03,9.41E+02,,,Y,Y,NA,,
24,25,2,2025,,Hamp-SP,1,5,100,128.4,78.68,2.855558816,NA,NA,NA,,,Y,N,NA,,
24,25,2,2025,,Hamp-SP,2,5,100,122.5,82.45,2.30018364,NA,NA,NA,,,Y,N,NA,,
24,25,2,2025,,Hamp-SP,3,5,100,120,83.67,2.086533624,NA,NA,NA,,,Y,N,NA,,
26,27,2,2025,10:21,CML,1,5,100,206,138.8,3.85948416,1.57E+03,2.85E+02,3.71E+02,,,Y,Y,500,,
26,27,2,2025,10:21,CML,2,5,100,211.4,149.4,3.5608336,1.57E+03,2.00E+02,3.71E+02,,,Y,Y,500,,
26,27,2,2025,10:21,CML,3,5,100,211.3,143.3,3.9054304,1.89E+03,2.66E+02,1.16E+03,,,Y,Y,500,,
26,27,2,2025,12:06,JEL,1,5,100,809.8,521.8,16.5406464,1.01E+03,5.61E+02,8.36E+02,,,Y,Y,NA,,
26,27,2,2025,12:06,JEL,2,5,100,808.5,516,16.799094,8.27E+02,4.85E+02,6.47E+02,,,Y,Y,NA,,
26,27,2,2025,12:06,JEL,3,5,100,794.6,512.5,16.20179288,1.10E+03,3.61E+02,9.98E+02,,,Y,Y,NA,,
3,4,3,2025,,Hamp-SP,1,5,100,225.2,145.8,4.56016432,NA,NA,NA,,,Y,N,NA,,
3,4,3,2025,,Hamp-SP,2,5,100,236,155.8,4.60611056,NA,NA,NA,,,Y,N,NA,,
3,4,3,2025,,Hamp-SP,3,5,100,223.5,146.1,4.44529872,NA,NA,NA,,,Y,N,NA,,
4,5,3,2025,14:26,CML,1,5,100,185,124.6,3.46894112,1.09E+03,1.32E+02,9.36E+02,,,Y,Y,500,,
4,5,3,2025,14:26,CML,2,5,100,178.9,119.3,3.42299488,1.21E+03,1.32E+02,8.98E+02,,,Y,Y,500,,
4,5,3,2025,14:26,CML,3,5,100,182.4,125.9,3.2449532,1.13E+03,1.04E+02,7.75E+02,,,Y,Y,500,,
4,5,3,2025,16:10,JEL,1,5,100,835.8,533.3,17.373422,1.05E+03,7.80E+02,8.37E+02,,,Y,Y,NA,,
4,5,3,2025,16:10,JEL,2,5,100,838.6,549.2,16.62105232,9.90E+02,7.33E+02,7.90E+02,,,Y,Y,NA,,
4,5,3,2025,16:10,JEL,3,5,100,834.5,544.5,16.655512,1.02E+03,8.19E+02,7.24E+02,,,Y,Y,NA,,
10,13,3,2025,,Hamp-SP,1,5,100,231.5,162.8,3.94563336,NA,NA,NA,,,Y,N,NA,,
10,13,3,2025,,Hamp-SP,2,5,100,233.5,142.8,5.20915496,NA,NA,NA,,,Y,N,NA,,
10,13,3,2025,,Hamp-SP,3,5,100,218.5,150.4,3.91117368,NA,NA,NA,,,Y,N,NA,,
13,14,3,2025,11:45,CML,1,5,100,491.1,328.1,9.3615464,1.28E+03,1.09E+03,4.08E+02,,,Y,Y,500,,
13,14,3,2025,11:45,CML,2,5,100,499.5,333.7,9.52235824,1.17E+03,1.07E+03,3.79E+02,,,Y,Y,500,,
13,14,3,2025,11:45,CML,3,5,100,498.2,329.2,9.7061432,1.44E+03,1.09E+03,1.07E+03,,,Y,Y,500,,
13,14,3,2025,13:28,JEL,1,5,100,1207,781.6,24.43191312,1.61E+03,1.72E+03,7.24E+02,,,Y,Y,NA,,
13,14,3,2025,13:28,JEL,2,5,100,1217,789.8,24.53529216,1.43E+03,1.89E+03,7.91E+02,,,Y,Y,NA,,
13,14,3,2025,13:28,JEL,3,5,100,1239,800.3,25.19576936,1.45E+03,1.90E+03,8.96E+02,,,Y,Y,NA,,
17,20,3,2025,,Hamp-SP,1,5,100,231.5,162.8,3.94563336,NA,NA,NA,,,Y,N,NA,,
17,20,3,2025,,Hamp-SP,2,5,100,233.5,142.8,5.20915496,NA,NA,NA,,,Y,N,NA,,
17,20,3,2025,,Hamp-SP,3,5,100,218.5,150.4,3.91117368,NA,NA,NA,,,Y,N,NA,,
20,21,3,2025,16:13,CML,1,5,100,299.3,210.7,5.08854608,4.94E+03,5.91E+02,9.06E+02,,,Y,Y,500,,
20,21,3,2025,16:13,CML,2,5,100,298.7,209.6,5.11726248,4.46E+03,4.96E+02,7.91E+02,,,Y,Y,500,,
20,21,3,2025,16:13,CML,3,5,100,307.2,220.9,4.95645064,4.96E+03,4.67E+02,8.20E+02,,,Y,Y,500,,
20,21,3,2025,17:57,JEL,1,5,100,408,276,7.5811296,2.05E+03,9.20E+02,7.18E+02,,,Y,Y,NA,,
20,21,3,2025,17:57,JEL,2,5,100,405.4,276.9,7.3801148,2.22E+03,8.82E+02,6.13E+02,,,Y,Y,NA,,
20,21,3,2025,17:57,JEL,3,5,100,417.1,288.1,7.4088312,1.76E+03,1.05E+03,5.08E+02,,,Y,Y,NA,,
25,27,3,2025,,Hamp-SP,1,5,100,115,83.9,1.78616008,NA,NA,NA,,,Y,N,NA,,
25,27,3,2025,,Hamp-SP,2,5,100,112.9,82.22,1.762038304,NA,NA,NA,,,Y,N,NA,,
25,27,3,2025,,Hamp-SP,3,5,100,113.5,82.71,1.768355912,NA,NA,NA,,,Y,N,NA,,
27,28,3,2025,10:05,CML,1,5,100,98.25,72.26,1.492678472,3.36E+03,1.91E+02,2.87E+02,9317,2482.6,Y,Y,500,,
27,28,3,2025,10:05,CML,2,5,100,104.6,77.01,1.584570952,4.06E+03,1.63E+02,2.01E+02,9372,2496.35,Y,Y,500,,
27,28,3,2025,10:05,CML,3,5,100,109.2,78.81,1.745382792,5.59E+03,3.35E+02,2.20E+02,9033,2406.92,Y,Y,500,,
27,28,3,2025,11:50,JEL,1,5,100,159,126.5,1.866566,6.77E+03,4.91E+02,1.73E+02,,,Y,Y,NA,,
27,28,3,2025,11:50,JEL,2,5,100,136.1,107,1.67129448,6.74E+03,4.72E+02,1.44E+02,,,Y,Y,NA,,
27,28,3,2025,11:50,JEL,3,5,100,144.5,115.8,1.64832136,6.96E+03,4.62E+02,1.67E+03,,,Y,Y,NA,,
31,3,3,2025,,HHHR2,1,5,100,244.1,170.4,4.23279736,NA,NA,NA,,,Y,N,NA,,
31,3,3,2025,,HHHR2,2,5,100,245.4,168.1,4.43955544,NA,NA,NA,,,Y,N,NA,,
31,3,3,2025,,HHHR2,3,5,100,258.1,179.9,4.49124496,NA,NA,NA,,,Y,N,NA,,
2,3,4,2025,15:12,CML,1,5,100,179.1,138,2.36048808,6.04E+03,5.72E+02,2.10E+02,1453,387.02,Y,Y,500,,
2,3,4,2025,15:12,CML,2,5,100,176.5,133.2,2.48684024,6.33E+03,4.67E+02,2.95E+02,1599,425.91,Y,Y,500,,
2,3,4,2025,15:12,CML,3,5,100,182.3,137.1,2.59596256,5.62E+03,4.77E+02,2.29E+02,1496,398.48,Y,Y,500,,
2,3,4,2025,16:56,JEL,1,5,100,234,160,4.2500272,5.20E+03,2.78E+02,1.25E+02,13079,3483.75,Y,Y,NA,,
2,3,4,2025,16:56,JEL,2,5,100,239.1,165,4.25577048,5.21E+03,3.64E+02,1.15E+02,13170,3507.99,Y,Y,NA,,
2,3,4,2025,16:56,JEL,3,5,100,231.8,158.6,4.20408096,5.96E+03,4.02E+02,1.15E+02,12800,3410.67,Y,Y,NA,,
7,10,4,2025,,HHHR2,1,5,100,162.1,117.5,2.56150288,NA,NA,NA,,,Y,N,NA,,
7,10,4,2025,,HHHR2,2,5,100,151.1,111.8,2.25710904,NA,NA,NA,,,Y,N,NA,,
7,10,4,2025,,HHHR2,3,5,100,156.7,115.2,2.3834612,NA,NA,NA,,,Y,N,NA,,
9,10,4,2025,9:53,CML,1,5,100,100.9,77.16,1.363454672,1.10E+04,5.08E+02,1.91E+03,2222,591.86,Y,Y,500,,
9,10,4,2025,9:53,CML,2,5,100,94.78,73.14,1.242845792,8.24E+03,2.96E+02,4.78E+02,2128,566.82,Y,Y,500,,
9,10,4,2025,9:53,CML,3,5,100,98.43,76.4,1.265244584,9.92E+03,6.13E+02,5.75E+02,2142,570.55,Y,Y,500,,
9,10,4,2025,11:35,JEL,1,5,100,180.1,143.5,2.10204048,7.07E+03,4.71E+02,2.21E+02,13947,3714.96,Y,Y,NA,,
9,10,4,2025,11:35,JEL,2,5,100,160.9,131.4,1.6942676,5.82E+03,5.68E+02,1.64E+02,14076,3749.32,Y,Y,NA,,
9,10,4,2025,11:35,JEL,3,5,100,164.3,132.1,1.84933616,7.24E+03,3.27E+02,4.81E+02,14505,3863.59,Y,Y,NA,,
14,,4,2025,,HHHR2,,,,,NO SAMPLE THIS WEEK ,,,,,,,,,,,
18,19,4,2025,15:46,CML,1,5,100,121.5,79.93,2.387481496,6.79E+03,2.48E+02,2.76E+02,1711,455.75,Y,Y,500,,
18,19,4,2025,15:46,CML,2,5,100,116,80.15,2.05896588,6.89E+03,3.62E+02,2.10E+02,1562,416.66,Y,Y,500,,
18,19,4,2025,15:46,CML,3,5,100,111,78.83,1.847613176,1.17E+04,2.39E+02,4.95E+03,1661,442.27,Y,Y,500,,
18,19,4,2025,17:30,JEL,1,5,100,628.2,409.6,12.55481008,6.15E+03,9.77E+02,9.20E+02,,,Y,Y,NA,,
18,19,4,2025,17:30,JEL,2,5,100,618,412,11.8311568,6.28E+03,1.02E+03,4.41E+02,,,Y,Y,NA,,
18,19,4,2025,17:30,JEL,3,5,100,656.1,431,12.92812328,5.90E+03,1.03E+03,1.72E+02,,,Y,Y,NA,,
21,24,4,2025,,HHHR2,1,5,100,51.18,40.27,0.626591848,NA,NA,NA,,,Y,N,NA,,
21,24,4,2025,,HHHR2,2,5,100,54.87,41.82,0.74949804,NA,NA,NA,,,Y,N,NA,,
21,24,4,2025,,HHHR2,3,5,100,50.67,39.32,0.65186228,NA,NA,NA,,,Y,N,NA,,
24,25,4,2025,8:39,CML,1,5,100,389.2,262.5,7.27673576,7.87E+03,3.38E+03,5.31E+02,3014,803.11,Y,Y,500,,
24,25,4,2025,8:39,CML,2,5,100,384,258.1,7.23078952,8.07E+03,4.32E+03,5.51E+02,3033,857.79,Y,Y,500,,
24,25,4,2025,8:39,CML,3,5,100,382.4,259.1,7.08146424,1.13E+04,8.83E+03,5.99E+02,3100,868.41,Y,Y,500,,
24,25,4,2025,10:24,JEL,1,5,100,1061,726.7,19.19978504,1.18E+04,1.04E+04,2.39E+02,16884,4498.89,Y,Y,NA,,
24,25,4,2025,10:24,JEL,2,5,100,1110,762,19.9866144,1.20E+04,1.01E+04,2.68E+02,17462,4652.9,Y,Y,NA,,
24,25,4,2025,10:24,JEL,3,5,100,1019,687,19.0676896,1.15E+04,1.08E+04,2.10E+02,17390,4633.72,Y,Y,NA,,
28,30,4,2025,,HHHR2,1,5,100,68.53,47.06,1.233082216,NA,NA,NA,,,Y,N,NA,,
28,30,4,2025,,HHHR2,2,5,100,69.11,45.12,1.377812872,NA,NA,NA,,,Y,N,NA,,
28,30,4,2025,,HHHR2,3,5,100,68.03,46.89,1.214129392,NA,NA,NA,,,Y,N,NA,,
30,1,4,2025,14:03,CML,1,5,100,235.7,164.3,4.10070192,1.27E+03,1.33E+02,3.04E+02,3596,957.49,Y,Y,500,,
30,1,4,2025,14:03,CML,2,5,100,198.2,138.1,3.45171128,2.71E+03,1.43E+02,1.50E+03,3500,932.27,Y,Y,500,,
30,1,4,2025,14:03,CML,3,5,100,212.4,146,3.81353792,1.94E+03,2.00E+02,7.81E+02,3452,919.48,Y,Y,500,,
30,1,4,2025,15:46,JEL,1,5,100,591.9,392,11.48081672,4.32E+03,5.07E+02,7.94E+02,20674,5508.77,Y,Y,NA,,
30,1,4,2025,15:46,JEL,2,5,100,594.5,410.9,10.54466208,3.73E+03,6.40E+02,2.20E+02,20889,5564.04,Y,Y,NA,,
30,1,4,2025,15:46,JEL,3,5,100,533.2,374.2,9.1318152,4.44E+03,1.87E+03,6.03E+02,20974,5586.69,Y,Y,NA,,
5,8,5,2025,,HHHR2,1,5,100,222.5,156.3,3.80205136,NA,NA,NA,,,Y,N,NA,,
5,8,5,2025,,HHHR2,2,5,100,218.6,150.7,3.89968712,NA,NA,NA,,,Y,N,NA,,
5,8,5,2025,,HHHR2,3,5,100,226.1,157.5,3.93989008,NA,NA,NA,,,Y,N,NA,,
9,10,5,2025,9:10,CML,1,5,100,94.64,73.24,1.22906192,1.59E+03,1.73E+02,1.34E+02,,,Y,Y,500,,
9,10,5,2025,9:10,CML,2,5,100,93.37,70.94,1.288217704,1.84E+03,2.78E+02,1.25E+02,,,Y,Y,500,,
9,10,5,2025,9:10,CML,3,5,100,92.76,70.54,1.276156816,1.88E+03,1.99E+03,2.98E+02,,,Y,Y,500,,
9,10,5,2025,11:54,JEL,1,5,100,228.7,176.7,2.9865056,6.49E+03,1.08E+03,1.16E+02,,,Y,Y,NA,,
9,10,5,2025,11:54,JEL,2,5,100,230.2,176.3,3.09562792,5.89E+03,9.88E+02,1.16E+02,,,Y,Y,NA,,
9,10,5,2025,11:54,JEL,3,5,100,221.3,169.1,2.99799216,6.41E+03,9.98E+02,5.81E+01,,,Y,Y,NA,,
12,15,5,2025,,HHHR2,1,5,100,75.07,49.81,1.450752528,NA,NA,NA,,,Y,N,200,Alexandrium Bloom,
12,15,5,2025,,HHHR2,2,5,100,79.33,48.32,1.780991128,NA,NA,NA,,,Y,N,200,Alexandrium Bloom,
12,15,5,2025,,HHHR2,3,5,100,80.69,51.42,1.681058056,NA,NA,NA,,,Y,N,200,Alexandrium Bloom,
15,16,5,2025,13:53,CML,1,5,100,81.15,58.12,1.322677384,2.03E+03,4.42E+02,1.92E+02,,,Y,Y,500,,
15,16,5,2025,13:53,CML,2,5,100,83.16,57.44,1.477171616,1.94E+03,4.61E+02,3.07E+02,,,Y,Y,500,,
15,16,5,2025,13:53,CML,3,5,100,85.79,56.78,1.666125528,2.38E+03,5.28E+02,3.74E+02,,,Y,Y,500,,
15,16,5,2025,15:48,JEL,1,5,100,165.1,118.9,2.65339536,5.10E+03,1.83E+03,1.07E+02,,,Y,Y,NA,,
15,16,5,2025,15:48,JEL,2,5,100,161.2,119.4,2.40069104,5.43E+03,2.04E+03,7.75E+01,,,Y,Y,NA,,
15,16,5,2025,15:48,JEL,3,5,100,170.9,118.6,3.00373544,5.31E+03,2.11E+03,9.69E+01,,,Y,Y,NA,,
19,20,5,2025,,HHHR2,1,5,100,94.35,63.72,1.759166664,NA,NA,NA,,,Y,N,500,Alexandrium Bloom,
19,20,5,2025,,HHHR2,2,5,100,92.89,68.88,1.378961528,NA,NA,NA,,,Y,N,500,Alexandrium Bloom,
19,20,5,2025,,HHHR2,3,5,100,96.69,67.19,1.6942676,NA,NA,NA,,,Y,N,500,Alexandrium Bloom,
20,21,5,2025,17:44,CML,1,5,100,124.9,71.3,3.07839808,4.56E+03,5.26E+02,2.68E+02,,,Y,Y,500,,
20,21,5,2025,17:44,CML,2,5,100,113.4,69.2,2.53852976,4.51E+03,5.55E+02,3.35E+02,,,Y,Y,500,,
20,21,5,2025,17:44,CML,3,5,100,109.3,59.83,2.841200616,4.63E+03,5.06E+02,2.48E+02,,,Y,Y,500,,
20,21,5,2025,19:39,JEL,1,5,100,150.4,124.3,1.49899608,8.27E+03,3.02E+03,5.78E+01,,,Y,Y,NA,,
20,21,5,2025,19:39,JEL,2,5,100,220.5,164.6,3.21049352,7.91E+03,2.88E+03,1.16E+02,,,Y,Y,NA,,
20,21,5,2025,19:39,JEL,3,5,100,214.6,134.9,4.57739416,8.33E+03,2.84E+03,3.09E+02,,,Y,Y,NA,,
27,30,5,2025,,HHHR2,1,5,100,165.8,101.5,3.69292904,NA,NA,NA,,,Y,N,NA,,
27,30,5,2025,,HHHR2,2,5,100,174.4,97.77,4.401075464,NA,NA,NA,,,Y,N,NA,,
27,30,5,2025,,HHHR2,3,5,100,178.2,120.2,3.3311024,NA,NA,NA,,,Y,N,NA,,
29,30,5,2025,13:38,CML,1,5,100,91.2,57.68,1.925147456,1.34E+03,1.75E+02,1.07E+02,,,Y,Y,500,,
29,30,5,2025,13:38,CML,2,5,100,98.46,63.71,1.9957898,1.73E+03,3.07E+02,1.44E+02,,,Y,Y,500,,
29,30,5,2025,13:38,CML,3,5,100,107.5,60.01,2.727483672,1.56E+03,2.10E+02,1.34E+02,,,Y,Y,500,,
29,30,5,2025,15:33,JEL,1,5,100,196,122.4,4.22705408,1.27E+04,7.29E+02,2.17E+03,,,Y,Y,NA,,
29,30,5,2025,15:33,JEL,2,5,100,200.7,137.6,3.62400968,1.12E+04,8.05E+02,1.31E+03,,,Y,Y,NA,,
29,30,5,2025,15:33,JEL,3,5,100,217.4,138.5,4.53144792,9.86E+03,8.56E+02,8.75E+02,,,Y,Y,NA,,
3,5,6,2025,,HHHR2,1,5,100,281.5,189.4,5.28956088,NA,NA,NA,,,Y,N,300,Alexandrium Bloom,
3,5,6,2025,,HHHR2,2,5,100,286.6,181.9,6.01321416,NA,NA,NA,,,Y,N,300,Alexandrium Bloom,
3,5,6,2025,,HHHR2,3,5,100,270.6,183.7,4.99091032,NA,NA,NA,,,Y,N,NA,,
6,7,6,2025,8:32,CML,1,5,100,114.5,76.9,2.15947328,7.84E+03,2.66E+02,8.54E+01,,,Y,Y,500,,
6,7,6,2025,8:32,CML,2,5,100,120.3,72.46,2.747585152,7.72E+03,2.66E+02,1.61E+02,,,Y,Y,500,,
6,7,6,2025,8:32,CML,3,5,100,128.9,81.21,2.738970232,8.12E+03,2.18E+02,1.61E+02,,,Y,Y,500,,
6,7,6,2025,10:27,JEL,1,5,100,336.8,196,8.08653824,1.12E+04,2.09E+02,6.66E+01,,,Y,Y,500,,
6,7,6,2025,10:27,JEL,2,5,100,334.8,215.1,6.87470616,1.15E+04,2.19E+02,5.71E+01,,,Y,Y,500,,
6,7,6,2025,10:27,JEL,3,5,100,303.3,212.1,5.23787136,1.15E+04,1.62E+02,3.80E+01,,,Y,Y,500,,
10,12,6,2025,,HHHR2,1,5,100,281.5,189.4,5.28956088,NA,NA,NA,,,Y,N,NA,,
10,12,6,2025,,HHHR2,2,5,100,286.6,181.9,6.01321416,NA,NA,NA,,,Y,N,NA,,
10,12,6,2025,,HHHR2,3,5,100,270.6,183.4,5.00814016,NA,NA,NA,,,Y,N,NA,,
12,13,6,2025,12:56,CML,1,5,100,114.5,58.09,3.239784248,2.01E+03,3.51E+02,1.04E+02,,,Y,Y,500,,
12,13,6,2025,12:56,CML,2,5,100,120.3,54.72,3.766443024,1.56E+03,2.37E+02,9.48E+01,,,Y,Y,500,,
12,13,6,2025,12:56,CML,3,5,100,128.9,56.81,4.140330552,1.55E+03,3.03E+02,5.68E+01,,,Y,Y,500,,
12,13,6,2025,14:51,JEL,1,5,100,336.8,196,8.08653824,1.07E+04,1.20E+03,5.72E+01,,,Y,Y,500,,
12,13,6,2025,14:51,JEL,2,5,100,334.8,215.1,6.87470616,1.10E+04,1.08E+03,8.57E+01,,,Y,Y,500,,
12,13,6,2025,14:51,JEL,3,5,100,303.3,212.1,5.23787136,1.03E+04,1.30E+03,5.71E+01,,,Y,Y,500,,
17,19,6,2025,16:25,CML,1,5,100,94.08,68.73,1.45592148,1.16E+04,4.92E+02,1.04E+02,,,Y,Y,500,+24 hrs,
17,19,6,2025,16:25,CML,2,5,100,94.2,67.65,1.52484084,1.13E+04,3.69E+02,1.70E+02,,,Y,Y,500,+24 hrs,
17,19,6,2025,16:25,CML,3,5,100,101,62.84,2.191635648,1.13E+04,4.55E+02,1.14E+02,,,Y,Y,500,+24 hrs,
17,19,6,2025,18:20,JEL,1,5,100,359.7,251.6,6.20848568,3.15E+04,4.93E+03,9.50E+01,,,Y,Y,500,+24 hrs,
17,19,6,2025,18:20,JEL,2,5,100,353.4,246,6.16828272,3.19E+04,5.12E+03,1.62E+02,,,Y,Y,500,+24 hrs,
17,19,6,2025,18:20,JEL,3,5,100,348.3,244.2,5.97875448,3.17E+04,4.60E+03,1.62E+02,,,Y,Y,500,+24 hrs,
,,,2025,,HHHR2,1,5,100,139.8,92.88,2.694746976,NA,NA,NA,,,,,,,
,,,2025,,HHHR2,2,5,100,142.6,94.93,2.737821576,NA,NA,NA,,,,,,,
,,,2025,,HHHR2,3,5,100,139.1,96.83,2.427684456,NA,NA,NA,,,,,,,
26,27,6,2025,12:31,CML,1,5,100,120,84.89,2.016465608,2.90E+04,3.88E+02,4.35E+02,,,Y,Y,500,,
26,27,6,2025,12:31,CML,2,5,100,123.9,85.12,2.227243984,2.79E+04,3.50E+02,2.56E+02,,,Y,Y,500,,
26,27,6,2025,12:31,CML,3,5,100,118.6,83.22,2.031972464,2.62E+04,2.65E+02,2.74E+02,,,Y,Y,500,,
26,27,6,2025,14:26,JEL,1,5,100,374.3,260.9,6.51287952,7.95E+04,9.96E+03,2.86E+02,,,Y,Y,500,,
26,27,6,2025,14:26,JEL,2,5,100,401.8,294,6.19125584,8.11E+04,1.04E+04,3.08E+02,,,Y,Y,500,,
26,27,6,2025,14:26,JEL,3,5,100,382.7,273.7,6.2601752,7.89E+04,9.92E+03,2.68E+02,,,Y,Y,500,,
1,F,7,2025,16:46,CML,1,5,100,55.95,42.42,0.777065784,3.43E+04,5.57E+02,3.28E+03,,,Y,Y,500,,
1,F,7,2025,16:46,CML,2,5,100,54.62,35.75,1.083756936,3.27E+04,5.67E+02,2.97E+03,,,Y,Y,500,,
1,F,7,2025,16:46,CML,3,5,100,49.42,36.82,0.72365328,3.39E+04,5.57E+02,3.27E+03,,,Y,Y,500,,
1,F,7,2025,18:41,JEL,1,5,100,123.9,89.44,1.979134288,9.32E+04,9.50E+02,2.25E+03,,,Y,Y,500,,
1,F,7,2025,18:41,JEL,2,5,100,112,87.29,1.419164488,9.48E+04,1.17E+03,1.78E+03,,,Y,Y,500,,
1,F,7,2025,18:41,JEL,3,5,100,125,95.89,1.671868808,9.56E+04,1.09E+03,2.45E+03,,,Y,Y,500,,
9,F,7,2025,11:08,CML,1,5,100,110.6,80.79,1.712071768,8.81E+02,9.47E+00,9.47E+01,,,Y,Y,500,,
9,F,7,2025,11:08,CML,2,5,100,103.4,76.34,1.554131568,8.52E+02,9.47E+00,2.84E+01,,,Y,Y,500,,
9,F,7,2025,11:08,CML,3,5,100,98.84,72.52,1.511631296,1.06E+03,2.84E+01,5.68E+01,,,Y,Y,500,,
9,F,7,2025,13:03,JEL,1,5,100,224,171.2,3.03245184,6.46E+03,1.14E+02,2.85E+02,,,Y,Y,500,,
9,F,7,2025,13:03,JEL,2,5,100,223.3,168,3.17603384,6.40E+03,8.54E+01,1.61E+02,,,Y,Y,500,,
9,F,7,2025,13:03,JEL,3,5,100,219.1,164,3.16454728,6.25E+03,9.49E+01,1.90E+02,,,Y,Y,500,,
15,F,7,2025,15:10,CML,1,5,100,83.11,61.51,1.24054848,1.04E+03,0.00E+00,4.82E+02,,,Y,Y,500,,
15,F,7,2025,15:10,CML,2,5,100,69.91,52.36,1.00794564,1.36E+03,9.45E+00,6.24E+02,,,Y,Y,500,,
15,F,7,2025,15:10,CML,3,5,100,73.33,54.56,1.078013656,1.25E+03,9.45E+00,6.62E+02,,,Y,Y,500,,
15,F,7,2025,17:05,JEL,1,5,100,235.4,179,3.23920992,7.74E+02,2.36E+02,3.77E+01,,,Y,Y,500,,
15,F,7,2025,17:05,JEL,2,5,100,239.7,183.8,3.21049352,6.89E+02,1.98E+02,9.43E+00,,,Y,Y,500,,
15,F,7,2025,17:05,JEL,3,5,100,244.8,183.9,3.49765752,6.79E+02,1.60E+02,2.83E+01,,,Y,Y,500,,
22,F,7,2025,9:30,CML,1,5,100,57.62,43.52,0.80980248,1.12E+03,0.00E+00,1.42E+02,,,Y,Y,500,,
22,F,7,2025,9:30,CML,2,5,100,67.88,49.22,1.071696048,1.03E+03,9.45E+00,1.61E+02,,,Y,Y,500,,
22,F,7,2025,9:30,CML,3,5,100,53.43,40.32,0.752944008,9.92E+02,1.89E+01,1.80E+02,,,Y,Y,500,,
22,F,7,2025,11:25,JEL,1,5,100,173.5,132.9,2.33177168,3.58E+03,1.89E+01,1.33E+02,,,Y,Y,500,,
22,F,7,2025,11:25,JEL,2,5,100,183.2,142.3,2.34900152,3.28E+03,2.84E+01,1.23E+02,,,Y,Y,500,,
22,F,7,2025,11:25,JEL,3,5,100,188.2,137.5,2.91184296,3.12E+03,4.73E+01,1.89E+02,,,Y,Y,500,,
12,15,8,2025,,HHHR2,1,5,100,158.4,113.6,2.57298944,NA,NA,NA,,,,,,,
12,15,8,2025,,HHHR2,2,5,100,160.8,113.5,2.71657144,NA,NA,NA,,,,,,,
12,15,8,2025,,HHHR2,3,5,100,153.9,109,2.57873272,NA,NA,NA,,,,,,,
13,14,8,2025,14:41,CML,1,5,100,94.17,69.31,1.427779408,1.17E+04,1.89E+01,4.75E+03,,,Y,Y,500,,
13,14,8,2025,14:41,CML,2,5,100,95.4,64.91,1.751126072,1.20E+04,9.47E+00,4.57E+03,,,Y,Y,500,,
13,14,8,2025,14:41,CML,3,5,100,90.91,65.86,1.43869164,1.15E+04,1.89E+01,4.40E+03,,,Y,Y,500,,
13,14,8,2025,16:36,JEL,1,5,100,315.7,244,4.11793176,4.68E+03,4.73E+01,8.81E+02,,,Y,Y,500,,
13,14,8,2025,16:36,JEL,2,5,100,317.4,248.5,3.95711992,4.98E+03,9.47E+00,6.34E+02,,,Y,Y,500,,
13,14,8,2025,16:36,JEL,3,5,100,319.4,260.7,3.37130536,4.77E+03,2.84E+01,6.91E+02,,,Y,Y,500,,
19,20,8,2025,,HHHR2,1,5,100,170.7,119.4,2.94630264,NA,NA,NA,,,,,,,
19,20,8,2025,,HHHR2,2,5,100,169.5,116.3,3.05542496,NA,NA,NA,,,,,,,
19,20,8,2025,,HHHR2,3,5,100,173.1,117.7,3.18177712,NA,NA,NA,,,,,,,
20,21,8,2025,9:24,CML,1,5,100,187.1,127,3.45171128,1.35E+04,1.61E+02,3.68E+03,,,Y,Y,500,,
20,21,8,2025,9:24,CML,2,5,100,155.2,104.8,2.89461312,1.32E+04,1.42E+02,3.70E+03,,,Y,Y,500,,
20,21,8,2025,9:24,CML,3,5,100,158,111.1,2.69359832,1.30E+04,1.52E+02,3.48E+03,,,Y,Y,500,,
20,21,8,2025,11:19,JEL,1,5,100,301.2,210.7,5.1976684,1.82E+04,1.89E+01,5.12E+03,,,Y,Y,500,,
20,21,8,2025,11:19,JEL,2,5,100,302.1,209.2,5.33550712,1.80E+04,5.68E+01,5.61E+03,,,Y,Y,500,,
20,21,8,2025,11:19,JEL,3,5,100,290.2,201.2,5.1115192,1.79E+04,1.89E+01,5.06E+03,,,Y,Y,500,,
25,28,8,2025,,HHHR2,1,5,100,411.9,280.3,7.55815648,NA,NA,NA,,,,,,,
25,28,8,2025,,HHHR2,2,5,100,412.1,285.5,7.27099248,NA,NA,NA,,,,,,,
25,28,8,2025,,HHHR2,3,5,100,427.1,292.2,7.74768472,NA,NA,NA,,,,,,,
28,29,8,2025,15:12,CML,1,5,100,79.99,56.86,1.328420664,5.06E+03,1.89E+01,2.42E+03,,,Y,Y,500,,
28,29,8,2025,15:12,CML,2,5,100,71.03,49.29,1.248589072,4.82E+03,7.55E+01,2.23E+03,,,Y,Y,500,,
28,29,8,2025,15:12,CML,3,5,100,76.69,52.86,1.368623624,4.64E+03,3.77E+01,2.09E+03,,,Y,Y,500,,
28,29,8,2025,17:07,JEL,1,5,100,346,236.7,6.27740504,3.82E+03,9.44E+01,8.40E+02,,,Y,Y,500,,
28,29,8,2025,17:07,JEL,2,5,100,325.9,227.9,5.6284144,3.72E+03,1.51E+02,1.08E+03,,,Y,Y,500,,
28,29,8,2025,17:07,JEL,3,5,100,336.8,213.7,7.06997768,3.68E+03,1.23E+02,8.68E+02,,,Y,Y,500,,
4,5,9,2025,9:12,CML,1,5,100,239.6,161.1,4.5084748,1.98E+04,6.61E+01,9.07E+03,,,Y,Y,500,,
4,5,9,2025,9:12,CML,2,5,100,127.9,87.29,2.332346008,2.08E+04,1.89E+01,9.91E+03,,,Y,Y,500,,
4,5,9,2025,9:12,CML,3,5,100,136.4,88.88,2.729206656,1.95E+04,1.89E+01,9.61E+03,,,Y,Y,500,,
4,5,9,2025,11:07,JEL,1,5,100,187.9,129.7,3.34258896,5.50E+03,4.72E+01,8.40E+02,,,Y,Y,500,,
4,5,9,2025,11:07,JEL,2,5,100,183.5,126.8,3.25643976,5.23E+03,3.77E+01,9.91E+02,,,Y,Y,500,,
4,5,9,2025,11:07,JEL,3,5,100,193.9,133.4,3.4746844,5.22E+03,4.72E+01,1.08E+03,,,Y,Y,500,,
4,5,9,2025,NA,WIS,1,5,100,1613,1155,26.3042224,4.32E+03,7.59E+01,3.79E+01,,,Y,Y,500,,
4,5,9,2025,NA,WIS,2,5,100,1617,1159,26.3042224,4.57E+03,6.64E+01,4.74E+01,,,Y,Y,500,,
4,5,9,2025,NA,WIS,3,5,100,1533,1115,24.0069104,4.26E+03,7.59E+01,1.23E+02,,,Y,Y,500,,
8,11,9,2025,,HHHR2,1,5,100,182,126.4,3.19326368,NA,NA,NA,,,,,,,
8,11,9,2025,,HHHR2,2,5,100,183.6,129.2,3.12434432,NA,NA,NA,,,,,,,
8,11,9,2025,,HHHR2,3,5,100,192,132.5,3.4172516,NA,NA,NA,,,,,,,
11,12,9,2025,,CML,1,5,100,257.6,173.5,4.83009848,2.07E+04,8.49E+01,9.97E+03,,,Y,Y,500,,
11,12,9,2025,,CML,2,5,100,259.8,167.8,5.2838176,2.00E+04,1.42E+02,9.35E+03,,,Y,Y,500,,
11,12,9,2025,,CML,3,5,100,244,160.1,4.81861192,1.91E+04,9.44E+01,8.66E+03,,,Y,Y,500,,
11,12,9,2025,,JEL,1,5,100,203,136.8,3.80205136,8.51E+03,8.49E+01,3.28E+03,,,Y,Y,500,,
11,12,9,2025,,JEL,2,5,100,195.5,134.3,3.51488736,8.90E+03,7.55E+01,3.67E+03,,,Y,Y,500,,
11,12,9,2025,,JEL,3,5,100,200.1,138.1,3.5608336,8.95E+03,9.44E+01,3.83E+03,,,Y,Y,500,,
11,12,9,2025,NA,WIS,1,5,100,735.4,461.1,15.75381704,1.11E+03,2.84E+01,7.58E+01,,,Y,Y,500,,
11,12,9,2025,NA,WIS,2,5,100,739.8,460.9,16.01800792,8.53E+02,4.74E+01,6.63E+01,,,Y,Y,500,,
11,12,9,2025,NA,WIS,3,5,100,619.6,408.6,12.1183208,1.21E+03,4.74E+01,1.33E+02,,,Y,Y,500,,
16,17,9,2025,,HHHR2,1,5,100,194.7,129.1,3.76759168,NA,NA,NA,,,,,,,
16,17,9,2025,,HHHR2,2,5,100,196.3,127,3.98009304,NA,NA,NA,,,,,,,
16,17,9,2025,,HHHR2,3,5,100,181.4,122.8,3.36556208,NA,NA,NA,,,,,,,
18,19,9,2025,9:13,CML,1,5,100,106.6,75.13,1.807410216,2.95E+04,9.44E+00,1.75E+04,,,Y,Y,500,,
18,19,9,2025,9:13,CML,2,5,100,98.47,69.15,1.683929696,2.91E+04,5.66E+01,1.72E+04,,,Y,Y,500,,
18,19,9,2025,9:13,CML,3,5,100,100.8,70.91,1.716666392,2.97E+04,5.66E+01,1.74E+04,,,Y,Y,500,,
18,19,9,2025,11:08,JEL,1,5,100,224.2,153.9,4.03752584,1.50E+04,2.83E+01,7.51E+03,,,Y,Y,500,,
18,19,9,2025,11:08,JEL,2,5,100,228.8,155.8,4.1925944,1.39E+04,5.66E+01,6.81E+03,,,Y,Y,500,,
18,19,9,2025,11:08,JEL,3,5,100,225.2,152.7,4.163878,1.35E+04,5.66E+01,6.47E+03,,,Y,Y,500,,
18,19,9,2025,NA,WIS,1,5,100,374.2,245.6,7.38585808,4.37E+03,1.04E+02,8.43E+02,,,Y,Y,500,,
18,19,9,2025,NA,WIS,2,5,100,408.5,272.3,7.82234736,4.18E+03,1.23E+02,8.52E+02,,,Y,Y,500,,
18,19,9,2025,NA,WIS,3,5,100,413.5,267.9,8.36221568,4.82E+03,1.04E+02,6.73E+02,,,Y,Y,500,,
18,19,9,2025,NA,HILT,1,5,100,102,71.59,1.746531448,2.19E+04,9.45E+00,1.11E+04,,,Y,Y,500,,
18,19,9,2025,NA,HILT,2,5,100,90.79,65.27,1.465685056,1.95E+04,1.89E+01,9.81E+03,,,Y,Y,500,,
18,19,9,2025,NA,HILT,3,5,100,89.33,63.29,1.495550112,2.31E+04,8.49E+01,1.20E+04,,,Y,Y,500,,
18,19,9,2025,NA,NBD,1,5,100,838.6,539.9,17.15517736,1.04E+04,8.92E+02,7.02E+02,,,Y,Y,500,,
18,19,9,2025,NA,NBD,2,5,100,722.9,467,14.69705352,1.13E+04,9.30E+02,4.65E+02,,,Y,Y,500,,
18,19,9,2025,NA,NBD,3,5,100,739.8,477,15.09333984,1.11E+04,8.16E+02,3.04E+02,,,Y,Y,500,,
18,19,9,2025,NA,MAIN,1,5,100,47.44,35.63,0.678281368,2.20E+03,8.51E+01,1.51E+02,,,Y,Y,500,,
18,19,9,2025,NA,MAIN,2,5,100,52.15,38.76,0.769025192,1.89E+03,9.45E+01,7.56E+01,,,Y,Y,500,,
18,19,9,2025,NA,MAIN,3,5,100,57.3,42.74,0.836221568,1.58E+03,5.67E+01,9.45E+01,,,Y,Y,500,,
18,19,9,2025,NA,LAMP,1,5,100,54.51,40.46,0.80693084,1.31E+03,0.00E+00,8.52E+01,,,Y,Y,500,,
18,19,9,2025,NA,LAMP,2,5,100,63.15,46.89,0.933857328,1.24E+03,5.68E+01,9.47E+01,,,Y,Y,500,,
18,19,9,2025,NA,LAMP,3,5,100,60.84,45.15,0.901120632,1.64E+03,1.89E+01,8.52E+01,,,Y,Y,500,,
22,24,9,2025,,HHHR2,1,5,100,173.9,121.2,3.02670856,NA,NA,NA,,,,,,,
22,24,9,2025,,HHHR2,2,5,100,180.3,123.7,3.25069648,NA,NA,NA,,,,,,,
22,24,9,2025,,HHHR2,3,5,100,175.4,116.2,3.40002176,NA,NA,NA,,,,,,,
23,24,9,2025,12:46,CML,1,5,100,101.6,68.47,1.902748664,1.22E+04,3.77E+01,8.45E+03,,,Y,Y,500,,
23,24,9,2025,12:46,CML,2,5,100,77.59,52.95,1.415144192,1.30E+04,4.72E+01,8.53E+03,,,Y,Y,500,,
23,24,9,2025,12:46,CML,3,5,100,79.15,52.98,1.503016376,1.33E+04,1.51E+02,8.19E+03,,,Y,Y,500,,
23,24,9,2025,14:41,JEL,1,5,100,212.7,148.8,3.66995592,3.17E+04,2.17E+02,1.50E+04,,,Y,Y,500,,
23,24,9,2025,14:41,JEL,2,5,100,212.6,152.2,3.46894112,3.26E+04,4.82E+02,1.50E+04,,,Y,Y,500,,
23,24,9,2025,14:41,JEL,3,5,100,219.3,152.7,3.82502448,3.27E+04,2.93E+02,1.45E+04,,,Y,Y,500,,
23,24,9,2025,NA,WIS,1,5,100,378,252.9,7.18484328,5.86E+03,2.65E+02,1.33E+02,,,Y,Y,500,,
23,24,9,2025,NA,WIS,2,5,100,367.8,250.4,6.74261072,6.37E+03,3.12E+02,1.51E+02,,,Y,Y,500,,
23,24,9,2025,NA,WIS,3,5,100,373.9,240.8,7.64430568,6.92E+03,3.12E+02,2.93E+02,,,Y,Y,500,,
